2015-01-01,Thursday,51.5,52.35,51.15,52,9569934,495810768.4
2015-01-02,Friday,52.5,53.55,52.25,53.4,18661417,988489344.3
2015-01-05,Monday,55,58.25,54.55,57.8,49786096,2850552793
2015-01-06,Tuesday,57,57.45,55.75,56.55,37028232,2100256302
2015-01-07,Wednesday,56.8,60.25,56.5,59.65,35710219,2084249266
2015-01-08,Thursday,61,61.75,60.5,61.25,36537631,2236888593
2015-01-09,Friday,61.5,61.9,57.55,58.7,21977381,1303247542
2015-01-12,Monday,58.7,60.65,58.05,60.3,16143973,963128239.8
2015-01-13,Tuesday,60.2,61,59.35,59.8,15337248,923770264
2015-01-14,Wednesday,60,60.3,58.7,58.95,14792525,876579995.5
2015-01-15,Thursday,60.1,61.15,59.45,60.25,13804228,832943421.1
2015-01-16,Friday,60.3,62,59.7,60.35,23762135,1446702883
2015-01-19,Monday,60.8,61.25,60.3,60.5,11663907,709533132
2015-01-20,Tuesday,60.6,61.5,60.3,61.1,10125851,616013836.8
2015-01-21,Wednesday,61.7,63.95,61.6,63.75,25784079,1623718046
2015-01-22,Thursday,63.95,64.2,62.75,63.1,12502496,791578289.9
2015-01-23,Friday,63.85,64.9,62.9,64.3,15263906,976528750.2
2015-01-27,Tuesday,64.65,66.3,64.35,66.1,14105853,921898930.6
2015-01-28,Wednesday,66.1,68.4,66.1,68.15,25022506,1690560123
2015-01-29,Thursday,68.4,69.15,65.15,65.95,39226172,2653253111
2015-01-30,Friday,65.75,67.4,65.25,65.7,21976350,1454998465
2015-02-02,Monday,65.7,66.95,65.5,66.05,13879674,918873201.6
2015-02-03,Tuesday,66.65,66.95,64.35,64.9,12799818,841513832.5
2015-02-04,Wednesday,65.25,65.35,62.9,63.9,11232168,719505505.9
2015-02-05,Thursday,63.7,64.9,61.85,62.45,12489568,795172683.5
2015-02-06,Friday,62.7,62.7,60,60.9,11857668,724412911.9
2015-02-09,Monday,60,60.15,56.85,57.35,13899915,813633390.3
2015-02-10,Tuesday,56.95,61.9,56,60.85,31635267,1901100424
2015-02-11,Wednesday,61.6,64.8,61.5,64.3,20924270,1322105424
2015-02-12,Thursday,64.95,67.45,64.75,67.2,18759453,1239115627
2015-02-13,Friday,67.45,68.1,66.2,67,15905704,1065180084
2015-02-16,Monday,67.15,67.7,65.8,66.2,10564530,705702993.1
2015-02-18,Wednesday,66.3,69.7,66.1,69.2,23944042,1638263906
2015-02-19,Thursday,69.85,71.15,68.35,70.1,23926759,1676779669
2015-02-20,Friday,70.05,70.5,67.8,68.2,14361360,986536352.8
2015-02-23,Monday,68.5,69.35,67,67.6,12147766,830827725.2
2015-02-24,Tuesday,67.45,67.45,66.05,66.75,13094265,872548456.3
2015-02-25,Wednesday,67.4,68.1,66.75,67,9149591,617094659.2
2015-02-26,Thursday,67.45,67.45,64.5,64.9,15361707,1005915876
2015-02-27,Friday,65.35,67.2,64.9,66.9,12147298,805906005.1
2015-02-28,Saturday,67.45,71,65,69.85,24866213,1691583724
2015-03-02,Monday,71.7,73.2,70.8,72.95,31830207,2299181921
2015-03-03,Tuesday,73.7,74.5,72.15,73.95,19374135,1418850995
2015-03-04,Wednesday,74.9,74.9,71.05,71.95,17883075,1314794270
2015-03-05,Thursday,72.25,74.05,71.3,73.8,15541792,1132495494
2015-03-09,Monday,73,74.05,72.2,72.65,15146755,1107124991
2015-03-10,Tuesday,73.8,75.3,72.5,74.5,20907835,1544066188
2015-03-11,Wednesday,75.1,76.1,74.2,75.05,19540574,1468857694
2015-03-12,Thursday,75.45,75.65,74.3,75,10010807,749741371.9
2015-03-13,Friday,75.4,75.5,72.1,72.4,12755990,939010377.8
2015-03-16,Monday,72.3,73.65,70.85,73.25,12922271,937345379.3
2015-03-17,Tuesday,73.95,74.1,71.5,71.95,30515936,2228994627
2015-03-18,Wednesday,71.95,71.95,70.5,71.05,11048866,786899157
2015-03-19,Thursday,71.6,72.75,70.2,70.85,14087759,1009684106
2015-03-20,Friday,70.1,70.25,68.5,69.05,11943026,827119630.6
2015-03-23,Monday,69.4,69.95,68.05,68.6,7946688,548248368.4
2015-03-24,Tuesday,68.25,69.1,67.1,67.4,10263874,697579093.9
2015-03-25,Wednesday,68,68.1,67.3,67.4,8048373,544263201.7
2015-03-26,Thursday,67.3,68.9,66.9,68.45,11231349,765453124.2
2015-03-27,Friday,69.05,70.4,67,69.6,11299915,778729604.1
2015-03-30,Monday,70.7,74.45,70.7,74.1,16320276,1187859493
2015-03-31,Tuesday,75.2,75.7,72.85,73.3,17755737,1318450871
2015-04-01,Wednesday,72.7,74.75,72.7,74.05,17233199,1274203385
2015-04-06,Monday,74.95,74.95,72.6,73.75,10138749,745066982.2
2015-04-07,Tuesday,74.1,74.3,72.45,73.35,11612057,850465672.6
2015-04-08,Wednesday,74.1,74.3,73,73.25,11247708,827547202
2015-04-09,Thursday,73.4,76.2,72.75,75.3,21152766,1588269295
2015-04-10,Friday,75.6,76.05,74.75,75.4,10087213,759782767.2
2015-04-13,Monday,75.5,76.6,75.15,75.9,12091074,918776251.9
2015-04-15,Wednesday,76,76.95,74.1,74.95,12494187,949549165.8
2015-04-16,Thursday,75.1,75.4,73.5,74.3,8565977,636915892.2
2015-04-17,Friday,74.3,74.5,72.2,72.95,6772873,498619861.3
2015-04-20,Monday,72.8,72.8,69.8,70.65,8755453,622220363.1
2015-04-21,Tuesday,70.3,71.55,69.3,70.35,14087591,993975357.9
2015-04-22,Wednesday,71.05,71.35,69.1,70.9,11254584,792899056.2
2015-04-23,Thursday,71.95,72.3,69.9,70.1,13730048,974941995
2015-04-24,Friday,70.4,70.4,66.9,67.45,13173437,897274569.3
2015-04-27,Monday,67.55,67.8,63.8,65.6,17326349,1136933151
2015-04-28,Tuesday,65,68.75,64.35,68.45,14083599,946367124.9
2015-04-29,Wednesday,68.8,69.8,67.95,68.8,9793172,674558071.5
2015-04-30,Thursday,68.7,70.2,67.9,69.6,15964000,1108288009
2015-05-04,Monday,70.1,71.95,70,71.3,14652751,1043828382
2015-05-05,Tuesday,71.75,72,69.8,70.55,10815980,767863315.4
2015-05-06,Wednesday,70.2,70.6,66.25,66.9,12465319,850369028.2
2015-05-07,Thursday,66.4,67.45,64.4,65.65,17740449,1170311352
2015-05-08,Friday,66.85,69.1,66.75,68.7,10418689,710100786.1
2015-05-11,Monday,69.6,74.75,69.5,74.3,24676148,1789419378
2015-05-12,Tuesday,75,75.5,69.55,71.95,36633277,2702366980
2015-05-13,Wednesday,72.3,72.75,68.1,69.65,35857178,2501037268
2015-05-14,Thursday,69.3,71.75,68.15,71.35,20440046,1436256638
2015-05-15,Friday,71.8,71.8,69,69.95,15841942,1111118408
2015-05-18,Monday,70.6,70.95,70,70.8,8700703,614019455.4
2015-05-19,Tuesday,70.8,71.6,70.15,70.5,8784307,622338124.8
2015-05-20,Wednesday,71,71.5,69.9,70.85,7226688,511587466.1
2015-05-21,Thursday,71.05,71.05,69.4,70.2,8900477,624891190.2
2015-05-22,Friday,70,70.4,69.05,69.2,7027914,490158185.4
2015-05-25,Monday,69.2,69.6,68.3,68.95,6382927,440438891.7
2015-05-26,Tuesday,69.25,69.7,68.7,69.3,5293018,366370588
2015-05-27,Wednesday,69,71.15,68.55,71,8732792,613576622.7
2015-05-28,Thursday,71.7,72.25,70.25,70.5,12435199,884122889.2
2015-05-29,Friday,70.7,71.7,70.15,71.45,8747874,620809603.6
2015-06-01,Monday,71.55,73,71.3,71.95,9188878,663224012.9
2015-06-02,Tuesday,72.25,72.45,68.4,69.2,10569814,748308935.5
2015-06-03,Wednesday,68.95,69.15,65.35,67.5,12407652,835309229.3
2015-06-04,Thursday,67.6,68.2,65.75,66.8,10473901,699431338
2015-06-05,Friday,66.8,68.5,66,67.65,8894686,603113982.6
2015-06-08,Monday,67.95,68.4,66.2,66.5,6412070,429483160.2
2015-06-09,Tuesday,66.2,67.15,65.8,66.3,5209788,346160851.1
2015-06-10,Wednesday,66.45,67.7,66.45,67.4,4728800,318429584.4
2015-06-11,Thursday,68,68.3,64.85,65.65,14063048,931978877.1
2015-06-12,Friday,64.95,66.2,64.65,65.8,7346855,482540110.4
2015-06-15,Monday,66.3,67.1,64.9,65.35,6855533,453547591.3
2015-06-16,Tuesday,65.3,65.3,64,64.95,6398909,414129151
2015-06-17,Wednesday,65.2,66.15,64.35,65.65,8677035,567642632.4
2015-06-18,Thursday,66.15,68.7,65.95,68.45,12450131,841085755.5
2015-06-19,Friday,69.15,70.35,68.8,69.75,12064720,838748443.7
2015-06-22,Monday,70.1,70.7,69.2,70.35,6256135,438436528.3
2015-06-23,Tuesday,70.6,72.25,69.8,71.55,11423978,814597214.8
2015-06-24,Wednesday,71.75,71.75,69.3,69.75,10233182,720158226.7
2015-06-25,Thursday,69.6,70.9,68.9,69.9,17336359,1212169303
2015-06-26,Friday,69.7,71.6,69.15,71.35,12943464,913580426.5
2015-06-29,Monday,69.5,71.25,68.5,70.95,9334295,652115451.8
2015-06-30,Tuesday,71.1,72.7,71.05,72.55,13775539,994726435.3
2015-07-01,Wednesday,72.95,74.9,72.9,74.1,16071848,1191880489
2015-07-02,Thursday,76.4,76.4,73.65,73.95,15076180,1129459964
2015-07-03,Friday,73.9,73.95,72.4,72.7,7948704,580038261.4
2015-07-06,Monday,70.35,73.9,70.35,73.7,7542591,548126098.4
2015-07-07,Tuesday,74,74.5,72.55,72.95,6788784,498712212.5
2015-07-08,Wednesday,72,73.15,71,71.25,7313331,525706017.6
2015-07-09,Thursday,71.75,71.95,70.75,71.2,4924949,351639369.7
2015-07-10,Friday,71.95,72.25,71.25,71.65,4372547,313326829.3
2015-07-13,Monday,72,73.15,71.3,72.75,7086157,513455097.7
2015-07-14,Tuesday,72.8,74.85,72.4,74.25,17503044,1293612188
2015-07-15,Wednesday,74.55,75.45,73.85,74.45,16647271,1242118932
2015-07-16,Thursday,74.8,74.95,73.9,74.4,7901855,587769951.9
2015-07-17,Friday,74.65,75.9,74.1,75.15,9589925,719781667
2015-07-20,Monday,75.25,78.05,75.1,77.65,16031008,1226871319
2015-07-21,Tuesday,78.5,80.75,78.15,79.3,23024002,1836408941
2015-07-22,Wednesday,79.05,81.65,79.05,81.35,12538660,1014706846
2015-07-23,Thursday,81.95,83.1,81.6,82.1,14105782,1161509006
2015-07-24,Friday,82.2,82.2,79.9,80.5,8498149,690056070.1
2015-07-27,Monday,80.25,82.2,79.25,80.9,12022376,975339737.1
2015-07-28,Tuesday,81.5,83.7,80.9,83.3,14777267,1217393543
2015-07-29,Wednesday,84,85.5,83.25,84.9,14147923,1192355414
2015-07-30,Thursday,85.7,86.4,83.85,84.15,17521790,1491732751
2015-07-31,Friday,84.75,85.35,83.65,84.45,13613360,1148792876
2015-08-03,Monday,85.6,86.25,84.6,84.95,7996468,681838381.6
2015-08-04,Tuesday,85.25,88.4,84.2,88,18532315,1600994117
2015-08-05,Wednesday,88.85,88.85,87.1,87.45,9781468,859473326.6
2015-08-06,Thursday,87.6,88.45,86.5,87.2,5865351,512186306.2
2015-08-07,Friday,87,88.1,86.65,87.35,6801064,594324513.5
2015-08-10,Monday,87.7,89.15,87.1,87.75,8384257,741094448.5
2015-08-11,Tuesday,88.1,88.5,85.1,86.75,8060242,700981570.5
2015-08-12,Wednesday,86.8,89.95,84.2,88.1,35475407,3098098898
2015-08-13,Thursday,89.5,90.4,87.55,88.4,25159388,2243575682
2015-08-14,Friday,89.2,89.8,88.3,89.05,13834295,1231025363
2015-08-17,Monday,89.05,92,86.9,91.65,22197833,2002337007
2015-08-18,Tuesday,92.35,99.65,92.15,97.3,43015455,4169906054
2015-08-19,Wednesday,96.85,99.15,95.25,95.45,24217851,2332299540
2015-08-20,Thursday,95.65,97.8,94.95,95.6,18647316,1795861212
2015-08-21,Friday,93.95,95.5,92.45,95.1,12997813,1223057476
2015-08-24,Monday,90.9,91.65,81.05,84.45,22241715,1964340500
2015-08-25,Tuesday,85.55,88,77.85,86.5,31007018,2589051428
2015-08-26,Wednesday,86.5,89.1,83.9,87.5,22066550,1931520850
2015-08-27,Thursday,90,91.9,89.2,91.5,23150418,2098728136
2015-08-28,Friday,93.25,94.25,91.4,92.15,17021876,1581616422
2015-08-31,Monday,92.4,93.45,89.85,90.3,13482019,1231608129
2015-09-01,Tuesday,90.3,92.2,84.5,87.45,26892860,2380118051
2015-09-02,Wednesday,89.15,89.7,85.5,85.95,15855837,1378623982
2015-09-03,Thursday,87,88.4,86.75,87.65,12620802,1105366564
2015-09-04,Friday,89,89.75,84.2,85,22421978,1931643133
2015-09-07,Monday,85.5,85.9,80.65,81.95,21329828,1767179741
2015-09-08,Tuesday,82,83.55,80.6,82,28590049,2347267107
2015-09-09,Wednesday,83.8,87.95,83,87.5,24786584,2136937397
2015-09-10,Thursday,85,87.65,84.1,87.25,18529069,1591171309
2015-09-11,Friday,88.7,90.5,87.2,87.7,20625369,1834059910
2015-09-14,Monday,88.35,89.85,87.7,89.5,11357209,1008816235
2015-09-15,Tuesday,89.6,89.95,86.6,87.2,11417644,1004190511
2015-09-16,Wednesday,88.35,88.6,86.4,87.2,8721283,762045480.5
2015-09-18,Friday,88.8,89.9,87.65,87.95,12120781,1075174581
2015-09-21,Monday,87.2,88.6,87,88.15,8831799,777878034.6
2015-09-22,Tuesday,89.05,92.3,88,88.8,31852686,2875738113
2015-09-23,Wednesday,87.95,91.1,87.25,90.6,13843753,1243897573
2015-09-24,Thursday,90.8,91.9,90.05,91.1,14527450,1322793000
2015-09-28,Monday,91.85,92.9,90.35,90.55,11532538,1057354136
2015-09-29,Tuesday,89.3,91.75,87.5,90.7,16672596,1498060595
2015-09-30,Wednesday,91.45,92.5,91.2,92.25,12243220,1125145702
2015-10-01,Thursday,93.45,94.9,92.8,94.25,20135688,1892300718
2015-10-05,Monday,95.3,96.2,93.9,94.7,15570012,1477417382
2015-10-06,Tuesday,95.35,95.45,94.05,94.35,14090570,1333740053
2015-10-07,Wednesday,94.5,94.5,92.8,93.05,16386172,1531065552
2015-10-08,Thursday,93.75,93.8,91,91.65,11058934,1018197663
2015-10-09,Friday,92.25,92.9,91.15,92.2,10328236,950731844.7
2015-10-12,Monday,92.5,94.35,92.2,93.85,11276855,1051350098
2015-10-13,Tuesday,94.3,95.1,93.3,94.05,11328620,1070497554
2015-10-14,Wednesday,93.9,95.1,93.65,94.85,11725205,1110431675
2015-10-15,Thursday,95.65,95.75,94.7,95,10537004,1001997277
2015-10-16,Friday,95.3,96.5,94.9,96,9945773,954238066.3
2015-10-19,Monday,96.35,96.8,95.7,96.05,7268779,699476566.7
2015-10-20,Tuesday,95.9,97.2,95.75,96.25,9611736,928231902.6
2015-10-21,Wednesday,96.5,97.2,94.7,95.8,9529194,916216521.9
2015-10-23,Friday,96.7,96.7,94.6,95,9576721,912114371.1
2015-10-26,Monday,95.45,95.45,92.25,92.7,8421351,784126584.3
2015-10-27,Tuesday,92.45,93.75,91.2,92.9,9026784,837689275
2015-10-28,Wednesday,93,93.1,90.8,91,17677356,1622789436
2015-10-29,Thursday,90.95,94.1,89.5,93.8,11474771,1062965919
2015-10-30,Friday,94,95.05,92.7,93.7,14007650,1316847471
2015-11-02,Monday,94,94.65,89.3,90.3,18444976,1679769148
2015-11-03,Tuesday,90.5,91.1,89.2,90.3,15006331,1355259934
2015-11-04,Wednesday,91.8,93.5,91.5,92.2,19743368,1827173429
2015-11-05,Thursday,91,91.5,86.4,86.8,47761162,4210496524
2015-11-06,Friday,85.6,87.95,84.1,87.6,18725081,1620362570
2015-11-09,Monday,83,89.5,82.75,88.95,13643273,1200955043
2015-11-10,Tuesday,88.7,90.2,88.25,89.5,9965775,890698609.3
2015-11-11,Wednesday,90.3,90.8,89.8,90.5,2706835,244673929.2
2015-11-13,Friday,90.5,91.4,89.6,90.3,15518414,1402340366
2015-11-16,Monday,90.3,91.15,90,90.7,7951538,720421636.1
2015-11-17,Tuesday,90.95,92.45,90.8,91.95,13325472,1224543405
2015-11-18,Wednesday,92.3,92.85,91.25,91.7,9202923,847780748.3
2015-11-19,Thursday,92.9,93.4,91.95,93.1,8910808,826833392.8
2015-11-20,Friday,93,93.9,92.5,93.65,10688133,995732565.3
2015-11-23,Monday,93.65,96.35,93.65,96.1,14312578,1359467232
2015-11-24,Tuesday,96.25,96.8,94.3,94.8,10695107,1018834923
2015-11-26,Thursday,94.9,95.5,93.65,94.1,19628662,1860638004
2015-11-27,Friday,97,98,95.5,97.6,19926585,1928441868
2015-11-30,Monday,98.4,99.65,92.85,94.6,133420725,12760125273
2015-12-01,Tuesday,95.5,95.5,93,93.4,20979908,1969780875
2015-12-02,Wednesday,93.5,93.95,92.1,92.85,18001146,1671662136
2015-12-03,Thursday,92.5,93.3,91.55,91.95,14427086,1332471919
2015-12-04,Friday,91.9,92.9,90.05,90.25,16631397,1517873287
2015-12-07,Monday,91,91.35,89.35,90.05,8784251,793281205.2
2015-12-08,Tuesday,90.1,91.25,89.3,89.6,11658924,1054343904
2015-12-09,Wednesday,89.55,89.8,86.25,86.55,10153695,889035035.1
2015-12-10,Thursday,87.2,89.4,85.8,89.1,11833263,1038761209
2015-12-11,Friday,89.75,89.75,85.15,86.35,13265498,1151916391
2015-12-14,Monday,85.5,87.15,84.7,86.05,9519393,817944482.8
2015-12-15,Tuesday,86.5,87.65,85.85,87.3,8691067,754343739.8
2015-12-16,Wednesday,87.85,89.15,87.2,88.1,9014842,795192038.1
2015-12-17,Thursday,88.95,89.45,87.9,89.2,5855160,519379076.9
2015-12-18,Friday,88.5,90.85,88.5,89.65,15298271,1373571831
2015-12-21,Monday,89.6,90.45,88.65,89.35,4709638,421376196
2015-12-22,Tuesday,89.8,89.9,88.1,88.4,4712887,419081108.5
2015-12-23,Wednesday,88.85,88.85,87.4,87.9,5069081,445883241.7
2015-12-24,Thursday,88.4,88.45,87.3,87.9,4177296,367218235.8
2015-12-28,Monday,88.3,89.5,87.75,88.95,5336683,474364832.2
2015-12-29,Tuesday,89.45,89.95,88.8,89.75,7522421,672774187.6
2015-12-30,Wednesday,90,90.55,89.25,89.5,4351143,391084470.9
2015-12-31,Thursday,89.6,90.05,87.7,87.9,8625067,761572625.8
2016-01-01,Friday,87.85,89,87.6,88.8,3473648,307731341.9
2016-01-04,Monday,90.75,92.3,90.2,92,17502163,1602332969
2016-01-05,Tuesday,93,93.35,92.35,93.1,10380113,965546332.7
2016-01-06,Wednesday,93.25,94.15,92.05,92.7,8151682,758531523.8
2016-01-07,Thursday,91.9,92.4,90.35,91.35,9414939,859873884.2
2016-01-08,Friday,92.1,92.6,90.3,90.75,6963108,637849171.2
2016-01-11,Monday,92,92.9,90.3,92.4,9615889,884018398.4
2016-01-12,Tuesday,93.35,93.95,91.2,92.1,6568778,608351012.8
2016-01-13,Wednesday,93.05,93.2,86.4,90.2,11681049,1048400547
2016-01-14,Thursday,88,90.75,87.15,88.6,8154318,723339049.7
2016-01-15,Friday,89.3,89.65,84.5,85.1,6945294,605048184.8
2016-01-18,Monday,85.2,85.35,81.5,83.1,13401345,1120397861
2016-01-19,Tuesday,83.4,87.15,83.3,86.8,11441816,979429303.1
2016-01-20,Wednesday,85.3,85.7,82.1,83.45,9819841,824450730.2
2016-01-21,Thursday,85,85.25,82.25,83.6,7742611,648326117.1
2016-01-22,Friday,85,86.5,84.2,85.7,7579720,645544364.1
2016-01-25,Monday,86.9,87.25,86.1,86.75,6908496,598803196.7
2016-01-27,Wednesday,87.2,88.8,85.8,88.3,10218006,895349226.9
2016-01-28,Thursday,88.5,89.5,87.7,88.15,11485187,1016594881
2016-01-29,Friday,88.4,89.9,87.75,89.6,6357193,564853088.4
2016-02-01,Monday,89.8,92.5,89.6,91.5,11659536,1062311216
2016-02-02,Tuesday,91.8,93,90,90.5,6964213,639597313.9
2016-02-03,Wednesday,88.55,89.9,85.65,86.85,9216469,813382085.5
2016-02-04,Thursday,88.3,89.2,86.8,87.6,9110003,804049155.4
2016-02-05,Friday,88.05,91.1,87.65,90.6,8355455,746842441.8
2016-02-08,Monday,90.85,92.45,88.65,89.2,6311100,573040946
2016-02-09,Tuesday,88,89.1,86.8,88.25,6688529,589150054.9
2016-02-10,Wednesday,87.8,88.2,85.35,87.35,8182342,710192341.7
2016-02-11,Thursday,87.95,88,77.7,80.9,17442913,1456780902
2016-02-12,Friday,84.5,84.5,80.35,83.2,19614698,1619539528
2016-02-15,Monday,85,90,84.7,89.65,12444831,1090055617
2016-02-16,Tuesday,90.5,91,86.9,87.25,8551128,759387557.5
2016-02-17,Wednesday,87.5,90.5,85.1,90,11233960,990536655.1
2016-02-18,Thursday,90.9,91.1,86.75,89.8,9993452,896318335.3
2016-02-19,Friday,89.35,91.5,88.85,91.2,8183697,740808886.8
2016-02-22,Monday,91.9,92.7,91.3,92.2,8514736,784576604.9
2016-02-23,Tuesday,92.35,92.6,88.85,89.2,10340834,931507427
2016-02-24,Wednesday,88.55,89.2,87.25,87.5,10772885,951147856.4
2016-02-25,Thursday,88,88.25,85.75,85.95,12736836,1103350421
2016-02-26,Friday,87.4,87.6,84.85,85.55,9116692,783734521.4
2016-02-29,Monday,85.85,89,84.45,87.65,16275473,1419676888
2016-03-01,Tuesday,88.2,91.35,88.2,91.05,17582988,1582144692
2016-03-02,Wednesday,92.5,94.35,92,93.45,12440686,1161707858
2016-03-03,Thursday,94.2,95.05,92.3,94.25,10892546,1018562164
2016-03-04,Friday,94.85,94.85,92.85,93.55,6650601,622573041.6
2016-03-08,Tuesday,93.85,93.95,90.95,91.95,10204487,943069927.4
2016-03-09,Wednesday,91.2,97.45,90.9,97.15,20873331,1981553472
2016-03-10,Thursday,97.6,98,95.3,96.55,16263753,1572527190
2016-03-11,Friday,96.05,98.5,95.75,97.1,15493557,1505627461
2016-03-14,Monday,97.9,98.15,96.55,97.2,8370894,815141111.8
2016-03-15,Tuesday,97.45,97.65,95,95.95,7163013,689399384.2
2016-03-16,Wednesday,96,96.95,94.2,96.25,7989075,763756776.3
2016-03-17,Thursday,97,97.85,94.8,95.25,7773639,750997378.4
2016-03-18,Friday,96,97.9,95,97.3,8703710,839175989.3
2016-03-21,Monday,97.5,103.45,97.45,103.05,29375155,2975636717
2016-03-22,Tuesday,103.95,104.75,102.05,103.5,19537935,2025782007
2016-03-23,Wednesday,103.95,106.4,103.1,106,16253835,1708871064
2016-03-28,Monday,106.55,107.35,103.35,104.75,14057333,1488316594
2016-03-29,Tuesday,105.4,108.15,104.7,106.65,15694762,1675463478
2016-03-30,Wednesday,108,108.65,107.15,108.05,9151838,987059020.8
2016-03-31,Thursday,108.95,109.4,106.95,108.6,15686326,1697331287
2016-04-01,Friday,108.4,110.85,107.8,110.25,11800622,1296493004
2016-04-04,Monday,111,111,109.4,110.1,6908274,760738687.7
2016-04-05,Tuesday,109,110.5,108.05,108.75,9662126,1055467348
2016-04-06,Wednesday,109,109.3,106.1,107.55,10307969,1106430644
2016-04-07,Thursday,107.55,108.85,106.2,106.95,6203145,667315210.5
2016-04-08,Friday,106.35,107.6,106.35,107.05,6460136,691278996.4
2016-04-11,Monday,107.9,110.25,106.7,109.75,10123415,1094563487
2016-04-12,Tuesday,110.65,112.8,110.05,111.35,14630480,1635557835
2016-04-13,Wednesday,112.5,112.9,110,110.35,19080996,2121684905
2016-04-18,Monday,109.25,111.2,108.3,109.3,7797964,852713101.5
2016-04-20,Wednesday,109.2,110.05,107,108.15,9870230,1066984506
2016-04-21,Thursday,108.5,108.95,105.8,106.55,11429362,1224533097
2016-04-22,Friday,106.55,106.7,104.9,105.35,9210327,972598880.8
2016-04-25,Monday,105.4,107.45,105.35,105.95,8358351,888572904.9
2016-04-26,Tuesday,105.3,107,105.1,106.8,6925737,736065867.7
2016-04-27,Wednesday,107.65,109.25,107.3,107.95,8961742,970320830.5
2016-04-28,Thursday,107.95,108.2,105.15,105.4,11141016,1182666907
2016-04-29,Friday,106,107.25,104.4,106.8,9141440,968811221.3
2016-05-02,Monday,106.9,108.15,105.15,105.95,11259593,1200306978
2016-05-03,Tuesday,106.95,107.4,104.7,105.05,7052234,748395388.2
2016-05-04,Wednesday,104.8,104.8,101.55,102,6354187,654418664.5
2016-05-05,Thursday,101.95,103.6,100.6,102.8,7228906,740001214.4
2016-05-06,Friday,102.4,104.6,101.6,104.15,5953185,616470815
2016-05-09,Monday,104.75,105.5,104.4,104.8,5190590,544605258.2
2016-05-10,Tuesday,104.95,105.5,103.1,105.25,8355266,873345612.9
2016-05-11,Wednesday,104,104.8,102.85,104.2,4750794,494575175.1
2016-05-12,Thursday,104.2,105,103.6,104.15,3361288,350883612.9
2016-05-13,Friday,104,104.4,102.3,102.85,4318758,445825214.4
2016-05-16,Monday,102.9,103.75,102.3,103.5,4107253,423771362.8
2016-05-17,Tuesday,104.05,104.05,102.7,102.9,4132667,427058975.8
2016-05-18,Wednesday,102.2,102.8,100.65,102.2,4514786,459470882.2
2016-05-19,Thursday,102.4,103.9,101.7,101.95,4062895,417121055
2016-05-20,Friday,102.5,102.5,98.95,99.45,5877875,590946809.8
2016-05-23,Monday,100,101.6,99.05,100,6662120,668781786.6
2016-05-24,Tuesday,100.55,102.45,99.55,101.6,6597682,664742785.2
2016-05-25,Wednesday,103.6,105.35,94.55,97.25,49190782,4881607508
2016-05-26,Thursday,99,104.75,97.35,104.2,42430725,4315697446
2016-05-27,Friday,105.1,107.25,104.55,106.8,17461546,1851391438
2016-05-30,Monday,107.3,107.45,105.1,106.05,8731313,925907759.1
2016-05-31,Tuesday,106.1,109.35,105.05,108.95,14266518,1533749428
2016-06-01,Wednesday,110,111.7,103.85,104.45,29231139,3154111048
2016-06-02,Thursday,104.15,105.95,102.95,105.55,11365621,1195359435
2016-06-03,Friday,106,107,105.55,106.45,6334403,673476272.9
2016-06-06,Monday,106.5,106.8,104.4,105.3,6217359,654840553.7
2016-06-07,Tuesday,105.65,106.7,105.3,106.2,5123098,543291209.7
2016-06-08,Wednesday,106.05,106.5,104.8,105.75,5291044,559291901.7
2016-06-09,Thursday,105.95,107.85,105,107.1,5621676,597083928.7
2016-06-10,Friday,107.6,108.2,104.65,105.25,9437337,1002339928
2016-06-13,Monday,104.25,105.7,103.7,105.25,6817246,714945954.3
2016-06-14,Tuesday,105.1,105.8,104.45,105,4445501,467253647.2
2016-06-15,Wednesday,105,105.4,102.2,103,12879690,1328274606
2016-06-16,Thursday,103,103.05,97.9,99.4,17627055,1760375658
2016-06-17,Friday,100.25,100.5,97.35,98.75,16794464,1652736138
2016-06-20,Monday,98,100.4,97.5,99.7,13167528,1308203186
2016-06-21,Tuesday,100.05,102.55,99.85,102.3,15447243,1564883997
2016-06-22,Wednesday,102.5,102.5,99.55,99.9,7816718,785501495.5
2016-06-23,Thursday,99.9,100,98.65,99.2,7523916,746038314.9
2016-06-24,Friday,96,96.9,91.15,96.25,15373031,1460927970
2016-06-27,Monday,96,98.1,95.9,97.35,7465608,726344711.2
2016-06-28,Tuesday,98.55,99.3,98.1,98.95,8731751,864259263.4
2016-06-29,Wednesday,99.6,100.35,98.6,99,8080510,805018817.3
2016-06-30,Thursday,99.55,100,98.1,98.35,9506521,939979628.4
2016-07-01,Friday,99.1,100.7,98.8,99.4,14891679,1486217888
2016-07-04,Monday,100.45,100.45,97.5,97.8,12267279,1210540649
2016-07-05,Tuesday,96,96,92,92.3,23064489,2157651437
2016-07-07,Thursday,92,93.9,89.55,93.05,35587312,3270479969
2016-07-08,Friday,93.8,94.3,92.2,93.8,12695326,1186342037
2016-07-11,Monday,95,95.2,92.5,93.35,17792001,1666101808
2016-07-12,Tuesday,94.3,94.7,93.25,93.6,11819301,1110598208
2016-07-13,Wednesday,93.05,93.45,90.6,90.95,17827050,1634543589
2016-07-14,Thursday,91.5,92.3,91.1,91.5,9651145,884288824.5
2016-07-15,Friday,91.9,92.45,91.05,91.7,7126799,653580252.3
2016-07-18,Monday,92.4,93.85,92,93,10438770,972474273.2
2016-07-19,Tuesday,93.75,94.3,92.7,93.45,7367070,689458946.1
2016-07-20,Wednesday,93.85,93.9,92.9,93.45,8335674,778459740.7
2016-07-21,Thursday,93.5,97.4,92.3,96.85,45285023,4327673687
2016-07-22,Friday,98.25,98.7,96.4,96.7,26362738,2573760581
2016-07-25,Monday,97,97.2,95.2,96.15,11184781,1074841064
2016-07-26,Tuesday,96.45,96.5,94.15,94.4,14230698,1357664270
2016-07-27,Wednesday,94.8,95.65,94,94.7,7546601,714875127.1
2016-07-28,Thursday,95.2,95.3,93.8,94.1,11497983,1086164309
2016-07-29,Friday,94.3,96.2,93.5,95.25,12674093,1206061667
2016-08-01,Monday,96.35,97.1,91.25,91.6,28961932,2715531738
2016-08-02,Tuesday,90.9,90.9,87.15,88.15,23336733,2072226183
2016-08-03,Wednesday,88.1,88.25,85.2,85.5,16672060,1438333842
2016-08-04,Thursday,87,87.25,85.25,86.3,13054400,1127925327
2016-08-05,Friday,87,88.4,86.4,88.1,13153536,1148945693
2016-08-08,Monday,88.55,89.9,88.2,89.15,11348419,1011245519
2016-08-09,Tuesday,89.5,89.85,88.25,89.5,9598799,855642023.4
2016-08-10,Wednesday,89.95,90.9,87.55,87.95,10045891,894391310.5
2016-08-11,Thursday,87.55,87.7,85.55,87.2,9501768,824902237.4
2016-08-12,Friday,87.7,88.1,86.3,86.65,13471081,1174257592
2016-08-16,Tuesday,86.9,87.25,86,86.65,8295866,718772071.5
2016-08-17,Wednesday,86.35,87.45,86.25,86.7,6643927,577119666.6
2016-08-18,Thursday,86.85,88.55,86.8,87.55,9673093,848318489.7
2016-08-19,Friday,87.85,88.05,86.65,87,7638545,665739458
2016-08-22,Monday,87.45,87.45,86.3,87.1,6721342,584412338.1
2016-08-23,Tuesday,87.2,88,86.6,87.85,5890988,514609817.1
2016-08-24,Wednesday,87.85,88.95,87.75,88.55,5912781,522849268.7
2016-08-25,Thursday,89,89.4,85.85,86.55,11285909,989347823.3
2016-08-26,Friday,87.05,88,86.85,87.7,5311355,465153164.8
2016-08-29,Monday,87.8,89.25,86.9,87.9,10297523,908516544.9
2016-08-30,Tuesday,87.9,88.95,87.8,88.4,5669974,501486345.4
2016-08-31,Wednesday,88.5,89.3,86.95,87.55,12220817,1078373193
2016-09-01,Thursday,87.7,87.85,83.5,83.8,16498611,1403951376
2016-09-02,Friday,83.6,83.7,82.25,83,10857653,901653805.9
2016-09-06,Tuesday,83.3,85.95,83.2,85.75,9327213,793495544.9
2016-09-07,Wednesday,86,88.75,85.55,88.5,11230962,981644913.7
2016-09-08,Thursday,88.65,88.65,87.4,87.75,6858011,602951888
2016-09-09,Friday,87.9,88.75,86.15,87.25,8730640,761959629.6
2016-09-12,Monday,85.25,85.4,83.25,83.45,10102310,850096583.8
2016-09-14,Wednesday,83.9,84.8,83.65,84.4,5079727,428681787.9
2016-09-15,Thursday,82.8,83,80.6,81.6,24953966,2036331226
2016-09-16,Friday,81.7,82.45,80,81.1,17923252,1453949232
2016-09-19,Monday,81.5,84.85,81.4,84.6,17605080,1476110894
2016-09-20,Tuesday,84.9,85.5,83.6,84.05,7983834,674308026.2
2016-09-21,Wednesday,84,84.6,82.5,82.7,8204310,683856217.3
2016-09-22,Thursday,84,84.45,82.85,83.95,7863354,659041586.9
2016-09-23,Friday,83.8,83.8,82.4,82.65,6965998,578803294.3
2016-09-26,Monday,82.45,82.6,81.55,81.8,5604720,459553664.1
2016-09-27,Tuesday,82.3,82.45,81.05,81.45,4298620,351454303.7
2016-09-28,Wednesday,81.7,82.25,81.15,81.85,5888057,481219903.4
2016-09-29,Thursday,82.5,82.6,75.85,76.45,25942259,2031867619
2016-09-30,Friday,76.45,80.25,75.05,79.6,17726459,1396007770
2016-10-03,Monday,79.15,83.45,79.1,83.1,15146036,1236372697
2016-10-04,Tuesday,83.25,83.25,80.6,81.35,9924305,809274536
2016-10-05,Wednesday,81,82.4,81,81.65,7890459,643533524.1
2016-10-06,Thursday,82,83.35,80.2,80.8,9686492,792884913.7
2016-10-07,Friday,81.2,81.5,80.6,81.2,4109674,333435010.3
2016-10-10,Monday,81.85,81.85,80.1,80.75,4582597,370288704.2
2016-10-13,Thursday,80.45,80.95,78.55,79.4,9111707,724976498.3
2016-10-14,Friday,79.45,81.2,79.1,80.65,5534240,444640594
2016-10-17,Monday,80.7,82.25,80.2,81.6,8163161,663292008.6
2016-10-18,Tuesday,82.4,84,82.4,83.85,12181856,1017024005
2016-10-19,Wednesday,84.4,84.9,83.9,84.35,6681033,563790335.9
2016-10-20,Thursday,84.7,86.4,84.4,85.7,10381584,887480908.3
2016-10-21,Friday,86.45,87.4,85.95,87.05,11706419,1015589544
2016-10-24,Monday,87.4,88.35,86.2,88.05,11364973,996802456.2
2016-10-25,Tuesday,88,88.15,86.35,87.65,6574506,572681137.2
2016-10-26,Wednesday,87.35,88.2,86.7,87.2,6960265,608941781.6
2016-10-27,Thursday,86.6,87.15,84.7,84.9,8381704,715460700.8
2016-10-28,Friday,85,90.75,84.85,90.25,23011807,2052987235
2016-10-30,Sunday,90.65,91.7,90.45,91.35,4396740,401536145.5
2016-11-01,Tuesday,91.5,92.6,89.6,90.1,17959653,1637742841
2016-11-02,Wednesday,89,91.15,87.9,89.85,9715881,871695383.4
2016-11-03,Thursday,89.85,92.5,89.5,91.3,19000581,1739045629
2016-11-04,Friday,91.95,92.45,89.2,90.9,13973645,1271496790
2016-11-07,Monday,91.9,92.3,89.2,89.45,8246926,747248510.6
2016-11-08,Tuesday,89.5,92.15,88.15,91.75,25643558,2334912652
2016-11-09,Wednesday,83.55,92,82.7,91.4,19492970,1717133945
2016-11-10,Thursday,92.2,93.5,88.8,89.4,13694262,1250528062
2016-11-11,Friday,88.5,89.95,87,87.35,11917291,1053847989
2016-11-15,Tuesday,87.35,87.35,81.5,82.65,11732021,982491378.7
2016-11-16,Wednesday,83.8,84.15,77.8,79,15418449,1253619609
2016-11-17,Thursday,79,80.15,78,78.8,9769230,772946554.1
2016-11-18,Friday,79.3,80.4,78.65,79.65,7590789,603848835.7
2016-11-21,Monday,80.5,80.5,75.5,75.85,11381674,877374193.9
2016-11-22,Tuesday,76.7,76.9,73.5,75.6,16820607,1264692533
2016-11-23,Wednesday,76.2,77.75,74.85,77.2,10031839,768877814.3
2016-11-24,Thursday,77.5,77.5,75.4,75.65,18199666,1384073006
2016-11-25,Friday,76.4,77.7,75.65,77,9725101,746786663.1
2016-11-28,Monday,77.85,78.5,77.05,78.15,8574030,669004741.2
2016-11-29,Tuesday,78.6,81.15,78.25,79.9,10406070,834092716.8
2016-11-30,Wednesday,80.1,80.6,79.15,79.5,8910488,710019553.2
2016-12-01,Thursday,80,80.1,77.3,77.55,14821619,1158358092
2016-12-02,Friday,77.65,78.75,74.3,74.7,17264782,1320542649
2016-12-05,Monday,75.55,77.5,74.8,77.2,9434046,719978315.2
2016-12-06,Tuesday,77.7,79,76.35,78.05,9658215,753810214.7
2016-12-07,Wednesday,78.15,78.5,76.15,76.7,7101836,550032764.3
2016-12-08,Thursday,77.3,78.6,77.1,77.9,6327162,493011664
2016-12-09,Friday,78,79.95,77.8,79.55,7858724,620827379.9
2016-12-12,Monday,79,80.2,78.55,79.5,9402280,748013016.4
2016-12-13,Tuesday,79.8,79.95,77.1,77.9,5793135,454404897
2016-12-14,Wednesday,78,78.3,76.85,77.2,4617544,358000375.6
2016-12-15,Thursday,76.05,78.75,76.05,77.8,4894002,381187021.8
2016-12-16,Friday,78.25,78.4,77.2,77.65,6095452,473595398.9
2016-12-19,Monday,77.9,79.9,77.3,78.7,9584506,756985719.3
2016-12-20,Tuesday,79.35,79.5,76.55,76.9,7059007,546950905.7
2016-12-21,Wednesday,77.5,78.45,77.3,77.55,4725054,367948816
2016-12-22,Thursday,77.85,79.8,76.85,77.45,7630191,593282206.8
2016-12-23,Friday,77.2,78.65,76.15,77.7,7685714,596289141.9
2016-12-26,Monday,77.8,77.9,76.25,76.5,4475664,344280658.1
2016-12-27,Tuesday,76.5,78.4,75.05,78.05,7041030,540403488.5
2016-12-28,Wednesday,78.5,78.7,77.8,78.25,5706223,446284314
2016-12-29,Thursday,77.25,79.4,77.25,79,7832998,614089984.2
2016-12-30,Friday,79.9,80.9,79.65,80.1,13540359,1086726227
2017-01-02,Monday,80.5,81.5,79.15,81,12823600,1035273243
2017-01-03,Tuesday,81.4,81.55,80.45,81.05,7610206,616830345.4
2017-01-04,Wednesday,81.5,84.55,81.25,83.85,14148219,1183456078
2017-01-05,Thursday,84.65,84.95,82.8,83.95,10474833,878205711.1
2017-01-06,Friday,84.2,85.7,83.15,85.3,10508449,888940683.1
2017-01-09,Monday,85.85,85.85,84.6,84.95,4664481,397042229.1
2017-01-10,Tuesday,85.2,85.3,84.2,84.95,3603984,305771926.8
2017-01-11,Wednesday,85,86.3,84.95,85.6,4205231,360340496.2
2017-01-12,Thursday,85.5,85.6,83.8,84.3,4126412,348576203.8
2017-01-13,Friday,84.3,85.2,83.35,84.55,6292908,531115909.2
2017-01-16,Monday,84.1,86.1,84.05,85.6,4419274,376301853.3
2017-01-17,Tuesday,86,86.85,85.35,85.95,4294619,369253831.4
2017-01-18,Wednesday,85.9,87.1,85.05,86.9,7922410,685901081.2
2017-01-19,Thursday,86.9,87.65,86.2,87.05,6301901,548862766.4
2017-01-20,Friday,86.7,87.4,85.25,85.55,6238368,538363470
2017-01-23,Monday,86.15,86.7,85.4,86.3,4001215,344558552.9
2017-01-24,Tuesday,86.35,89,86.35,88.7,10324396,909215467.3
2017-01-25,Wednesday,89,89.35,86.3,86.55,20149829,1758217902
2017-01-27,Friday,86.6,92.75,86.6,92.45,37997580,3465274579
2017-01-30,Monday,91.75,93.15,91.3,92.05,10516489,968056836.4
2017-01-31,Tuesday,91.75,91.85,89.7,90.75,10318662,937163219.5
2017-02-01,Wednesday,91.6,93.1,90.6,92.15,20594085,1888518687
2017-02-02,Thursday,93,95.1,91.55,94.85,16589288,1556721741
2017-02-03,Friday,95,95.7,93.7,94.5,9703414,917817904.4
2017-02-06,Monday,94.5,95.95,94.5,95.1,9884473,940164032.4
2017-02-07,Tuesday,95,95.35,92.9,94.05,9030584,846801837.9
2017-02-08,Wednesday,95.3,97,93.8,95.35,17150699,1639550018
2017-02-09,Thursday,96.2,96.75,94.4,95.3,8401454,801416273.8
2017-02-10,Friday,95.7,95.7,92.4,92.95,12076962,1125375499
2017-02-13,Monday,93.35,93.6,91.4,92.1,7004255,646887137
2017-02-14,Tuesday,91.9,92.8,90.65,92.35,5806015,532791761.3
2017-02-15,Wednesday,92.45,94.6,91.3,93.2,15411491,1438779017
2017-02-16,Thursday,93.5,94.4,92.7,94.25,6246431,586094088.3
2017-02-17,Friday,94.25,94.9,93.25,93.9,4167887,391221723.4
2017-02-20,Monday,93.9,94.75,93.2,94.5,4353919,410405194.4
2017-02-21,Tuesday,94.8,96,94,95.1,6703138,636941310.8
2017-02-22,Wednesday,95.15,95.85,92,92.5,8164293,766545980.3
2017-02-23,Thursday,92.5,92.75,90.2,90.55,12335146,1123401708
2017-02-27,Monday,91,91.25,88.65,89,10941288,977893371.4
2017-02-28,Tuesday,89.5,91,88.95,90.65,6712922,605858689.5
2017-03-01,Wednesday,91.45,91.85,89,89.2,8753905,790429397.5
2017-03-02,Thursday,89.7,90.2,86.95,87.35,7239228,641611485.5
2017-03-03,Friday,87.65,88.4,86.2,87.35,6648170,579147048.4
2017-03-06,Monday,88,90.9,87.5,90.5,10795662,968911005.5
2017-03-07,Tuesday,92,93.4,91,91.2,21140168,1944446272
2017-03-08,Wednesday,91.8,91.8,89.3,91.1,8249126,747651406.1
2017-03-09,Thursday,90.35,91.35,90,90.45,4067316,368298432.6
2017-03-10,Friday,91.05,91.1,90,90.55,4731348,428253636.6
2017-03-14,Tuesday,93,93,90.5,90.8,6472473,590717545
2017-03-15,Wednesday,90.6,91.85,90.3,91.1,5493508,500426173.6
2017-03-16,Thursday,92,92.9,91.4,91.9,11583884,1067556643
2017-03-17,Friday,92.15,92.4,90.35,90.9,8589452,782142705.9
2017-03-20,Monday,90.9,90.95,89.05,89.25,5646090,506385876.5
2017-03-21,Tuesday,89.2,89.2,88.1,88.75,6176030,547223822.1
2017-03-22,Wednesday,88,88.4,86.55,87.15,8997482,788255851.6
2017-03-23,Thursday,87.1,87.8,86.7,87.05,8795773,766799573.2
2017-03-24,Friday,87.5,88.4,87,87.35,6965006,610337014.5
2017-03-27,Monday,87.1,87.3,85.45,85.75,8776245,754272050.7
2017-03-28,Tuesday,86.75,87,86.05,86.45,8606547,743567869.4
2017-03-29,Wednesday,86.8,87.45,80.75,84,27831051,2341183682
2017-03-30,Thursday,83.5,85,82.65,83,18429464,1542384637
2017-03-31,Friday,83.8,85,83.15,84.55,10622310,894249688.9
2017-04-03,Monday,85,85.6,83.9,84.1,8048802,682205969.9
2017-04-05,Wednesday,85.55,86.1,84.7,84.9,8826665,750879549.9
2017-04-06,Thursday,84.9,84.9,84,84.3,7636744,644055542.8
2017-04-07,Friday,84.3,84.9,83.3,83.6,8214638,690892100.8
2017-04-10,Monday,84.2,84.35,82,82.4,14997180,1241304377
2017-04-11,Tuesday,82.75,83.6,82.1,82.4,9681956,801162280.2
2017-04-12,Wednesday,82.9,83.9,82.3,82.6,11842227,982970607.6
2017-04-13,Thursday,82.95,83.7,82.5,82.75,6268883,520592279.5
2017-04-17,Monday,83.7,83.7,82.4,82.75,5191816,429874789.6
2017-04-18,Tuesday,83,83.35,81.15,81.6,8142606,671555755.9
2017-04-19,Wednesday,82,82.35,81.05,81.3,7239622,590935594.2
2017-04-20,Thursday,81.5,82.3,81.4,81.95,8650930,708603934
2017-04-21,Friday,82.2,85.65,82,85.25,18736373,1581628717
2017-04-24,Monday,86.4,87.6,85.65,87.25,16465458,1430187493
2017-04-25,Tuesday,87.85,88.5,87.1,88.15,15384659,1354704122
2017-04-26,Wednesday,88.5,88.85,86.25,87.85,7376461,649650554.9
2017-04-27,Thursday,87.5,87.85,86.5,86.7,4971287,432196148.2
2017-04-28,Friday,87,87,84.9,85.4,6949719,596974345.3
2017-05-02,Tuesday,85.9,85.95,82.9,83.65,10832676,909719619.1
2017-05-03,Wednesday,83.4,83.75,82.65,82.8,4338219,360226683.3
2017-05-04,Thursday,82.7,84.4,82.7,83.25,7670618,640577048.2
2017-05-05,Friday,83.3,84.4,82.3,83.2,9585864,800137207.1
2017-05-08,Monday,83.2,84.3,82.65,83.4,8573332,715306025.3
2017-05-09,Tuesday,83.4,83.8,82.75,82.9,7683180,638349381
2017-05-10,Wednesday,83.05,86,83.05,85.55,16320703,1379828353
2017-05-11,Thursday,86,87.15,85.8,86.55,10349937,896379069.7
2017-05-12,Friday,86.9,86.9,85.1,85.7,7865319,674742518.5
2017-05-15,Monday,86,86.5,85.45,86.2,5372613,462206887.5
2017-05-16,Tuesday,86.5,87,86.15,86.65,5662997,490645014.8
2017-05-17,Wednesday,86.65,88.5,86.05,88.05,11096513,973143137.1
2017-05-18,Thursday,87.4,88.45,85.4,86.35,9222882,804929699.2
2017-05-19,Friday,86.7,87.4,84.25,85.15,5458428,468525556.4
2017-05-22,Monday,85.8,86.45,84.8,86,7594237,651590174.5
2017-05-23,Tuesday,86.05,86.3,84,84.4,7491795,636667458.6
2017-05-24,Wednesday,84.6,84.9,81.5,82.35,9006094,747371312.9
2017-05-25,Thursday,83.4,87.75,81.8,86.15,22003288,1873940994
2017-05-26,Friday,87.85,93.15,87.75,91.55,40073258,3632374437
2017-05-29,Monday,92.45,93.85,90.75,91.75,16322830,1504321182
2017-05-30,Tuesday,92.2,94,91.6,93.75,13966131,1299988386
2017-05-31,Wednesday,93.95,95.9,93.1,94.5,17929974,1702072845
2017-06-01,Thursday,94.45,94.8,90.1,91.1,26150734,2403729792
2017-06-02,Friday,91.5,93.3,91.15,92.85,9141588,844682008.6
2017-06-05,Monday,93.45,93.75,92.5,93,7480770,696537072.9
2017-06-06,Tuesday,92.5,93.45,90.9,91.85,8450503,776944638.6
2017-06-07,Wednesday,92,93,91.7,92.75,5158845,477538872.1
2017-06-08,Thursday,92.75,95.7,92.7,94.95,14522631,1368901342
2017-06-09,Friday,95.25,95.25,94,94.9,8610549,815352436.2
2017-06-12,Monday,94,94.85,93.45,94.25,5391051,507747763.7
2017-06-13,Tuesday,95.65,96.7,94.75,95.25,11899502,1141805505
2017-06-14,Wednesday,94.85,95.25,93.1,94.7,8034180,757688897.8
2017-06-15,Thursday,94.5,95.75,93.85,94.25,5917699,560099202.2
2017-06-16,Friday,94.5,95.3,94,94.2,5517567,520759947.5
2017-06-19,Monday,94.2,94.9,93.8,94.05,3174802,298992649.2
2017-06-20,Tuesday,94.2,94.35,92.8,93,9109824,853046295.5
2017-06-21,Wednesday,93,94.2,92.5,93.7,6444074,603829563.5
2017-06-22,Thursday,93.7,94.25,92.9,93.4,6118660,573104640.6
2017-06-23,Friday,93.5,93.55,92.05,92.35,5044460,467839617
2017-06-27,Tuesday,92.35,92.75,90.3,91.1,5489761,499616836.7
2017-06-28,Wednesday,90.9,92.75,90,92.2,4941835,453450561.2
2017-06-29,Thursday,92.75,94,92.5,93.45,9459842,882526048
2017-06-30,Friday,92.2,94.15,91.6,93.85,6245662,580512237.2
2017-07-03,Monday,93.95,101.4,93.55,100.3,49834227,4954277068
2017-07-04,Tuesday,101.95,102.1,97.95,99.35,30197857,3008398426
2017-07-05,Wednesday,99.55,102.15,99.4,101.6,18028341,1824040552
2017-07-06,Thursday,102.3,103.3,101.85,102.2,10803568,1107902185
2017-07-07,Friday,102.5,104.5,100.7,103.9,15768247,1629931636
2017-07-10,Monday,107,107,102.2,105.15,2496489,261973356.5
2017-07-11,Tuesday,105.05,107.45,103.6,105.1,23424456,2473850832
2017-07-12,Wednesday,104.6,106.7,104.25,106.4,11800808,1246033671
2017-07-13,Thursday,106.1,107.2,105,106.25,8000631,850946710.1
2017-07-14,Friday,106,106.4,104.3,105.4,8917458,939624613.5
2017-07-17,Monday,105.4,108.45,105.2,108.25,8727138,936526937.2
2017-07-18,Tuesday,108.7,109.7,104.7,105.45,24462410,2630467623
2017-07-19,Wednesday,106.95,107.6,106.1,106.85,9077980,969867354.8
2017-07-20,Thursday,107.3,107.4,105.7,105.9,6831287,725604622.6
2017-07-21,Friday,105.8,106.4,100,103.2,23377063,2398205490
2017-07-24,Monday,102,104.7,101.7,104,16055304,1657496825
2017-07-25,Tuesday,104.95,105.5,104.2,104.95,7841010,821931025.6
2017-07-26,Wednesday,105,106.55,104.95,106.15,8240895,872271362.8
2017-07-27,Thursday,106.45,106.8,104.65,105,6540993,690416216
2017-07-28,Friday,104.7,109.9,104.1,109.4,11446452,1231606131
2017-07-31,Monday,109.95,110.5,108.25,109.5,10272829,1125188472
2017-08-01,Tuesday,110.05,112.1,108.7,111.05,17902937,1979509275
2017-08-02,Wednesday,111,111,108.6,109.35,7178227,786946739.6
2017-08-03,Thursday,109.25,110.45,108.1,108.9,7702651,841486194.1
2017-08-04,Friday,108.85,109.9,106.3,109.2,8732032,944649927.3
2017-08-07,Monday,108.9,111.5,108.7,111.2,8251146,915237209.4
2017-08-08,Tuesday,111,114.35,110.1,112.1,18644815,2101293073
2017-08-09,Wednesday,112,112.65,108.75,109.6,7762163,861530675.6
2017-08-10,Thursday,108,108.65,101.25,103.45,12732108,1343605880
2017-08-11,Friday,101,105.6,98.6,102.65,14750459,1517055139
2017-08-14,Monday,104.7,106.85,104.3,104.75,7301143,766836720.4
2017-08-16,Wednesday,105.5,106,102.05,104.75,10846570,1125880839
2017-08-17,Thursday,105,106.95,104.35,105.3,6252193,661356004.2
2017-08-18,Friday,105,105,102.4,103.65,6181540,640561790.4
2017-08-21,Monday,104,104.5,101.5,102.25,5274904,543827383.5
2017-08-22,Tuesday,103.4,103.65,100,100.35,8361844,848477949.8
2017-08-23,Wednesday,101,103.2,101,102.7,6311204,643093727.8
2017-08-24,Thursday,103.6,103.65,102.2,103,4476831,461108490.6
2017-08-28,Monday,103.6,106.25,103.25,105.7,11192216,1180179510
2017-08-29,Tuesday,105.5,106.75,104.35,105.05,6338922,667768673
2017-08-30,Wednesday,106.25,108.25,105.8,107.3,7845394,841976689.4
2017-08-31,Thursday,107.4,107.8,106.2,107.1,10584662,1133243195
2017-09-01,Friday,107.8,113.25,107.2,112.85,19530546,2179734435
2017-09-04,Monday,113.85,115.8,111.3,113.35,20583715,2343490584
2017-09-05,Tuesday,114.45,114.9,112.05,113,8912033,1010671818
2017-09-06,Wednesday,112.65,113.8,111.4,112.15,9787115,1099378911
2017-09-07,Thursday,112.5,113.35,110.8,111.9,4923774,552152519.1
2017-09-08,Friday,113.15,116.8,112.7,115.15,21891300,2519698408
2017-09-11,Monday,116.75,117.4,115.75,116.2,9303218,1084849918
2017-09-12,Tuesday,116.9,118.75,116.2,118.3,11942253,1402867415
2017-09-13,Wednesday,118.7,119.15,117.1,117.7,9561526,1130789354
2017-09-14,Thursday,117.5,119.1,116.7,117.05,6972335,819729152.5
2017-09-15,Friday,116.2,117.8,114.65,116.8,7428450,863755013
2017-09-18,Monday,117.45,119.35,117.3,118.55,5864762,696073314.2
2017-09-19,Tuesday,118.95,118.95,117.15,118.15,4525726,533844450
2017-09-20,Wednesday,118.35,120.2,118.35,119.35,8463597,1012406682
2017-09-21,Thursday,119.75,120.05,115.9,117.3,11036870,1297735171
2017-09-22,Friday,117,117,113.7,114.3,7710546,886714628
2017-09-25,Monday,114.45,114.45,109.7,113,10393468,1163426622
2017-09-26,Tuesday,113,114.7,112.75,113.5,5815090,659904019.7
2017-09-27,Wednesday,113.75,114.45,111.4,112.2,8792751,990957588.8
2017-09-28,Thursday,113.7,117.75,112.3,116.75,19023736,2203773246
2017-09-29,Friday,118.4,123.9,118,123.1,25414993,3088254668
2017-10-03,Tuesday,125.75,126.2,121.25,122.45,19862570,2453988272
2017-10-04,Wednesday,122.9,123.95,121.25,122.5,7026163,858497933.2
2017-10-05,Thursday,123.5,124.85,122,122.5,6382418,785186495.4
2017-10-06,Friday,123.4,125.25,122.65,124.85,9362645,1162505616
2017-10-09,Monday,125,125.5,122.8,123.8,6174955,766308326.3
2017-10-10,Tuesday,123.8,126.9,123.3,126.45,9899758,1246591511
2017-10-11,Wednesday,127,127.45,122.4,124.55,11182886,1401401968
2017-10-12,Thursday,125.2,125.85,123.9,125.35,6036207,754252641.1
2017-10-13,Friday,126.55,126.85,124.65,125.35,4216350,529667295.5
2017-10-16,Monday,125.8,128,124.45,127.45,6794943,858048640.2
2017-10-17,Tuesday,127.4,128.9,126.3,128.45,6854521,877145135.4
2017-10-18,Wednesday,127.8,131,126.7,130.6,8381228,1083466755
2017-10-19,Thursday,130.45,130.45,128.35,129.15,1483924,192437878.4
2017-10-23,Monday,128.1,129.7,127.35,128.2,8245170,1057397052
2017-10-24,Tuesday,128.9,129.35,127.5,128.6,4188824,538442047
2017-10-25,Wednesday,129.35,130.4,126.7,128.5,8699873,1117183661
2017-10-26,Thursday,128.45,133.9,127.55,131.15,16059722,2100707724
2017-10-27,Friday,131.75,131.75,126.9,127.8,9672231,1245035357
2017-10-30,Monday,128.45,129.4,127.9,128.7,5067735,652027041.8
2017-10-31,Tuesday,129.25,131.5,128.5,131.2,7814216,1017762541
2017-11-01,Wednesday,131.8,132.8,125.05,126.45,13531099,1744898711
2017-11-02,Thursday,126.8,128.8,124.25,124.6,7928131,997813559.1
2017-11-03,Friday,124.6,125.3,123.1,123.65,6614348,819204381.8
2017-11-06,Monday,123.9,126.8,122.7,125.7,8459765,1061925533
2017-11-07,Tuesday,126.05,126.7,121.05,122.05,11984860,1478518959
2017-11-08,Wednesday,122.8,124.35,117.05,119.15,32028125,3864571827
2017-11-09,Thursday,120,121.45,112.1,115.35,21316008,2481780562
2017-11-10,Friday,116.75,117.05,111.1,111.95,16705495,1887312219
2017-11-13,Monday,112.45,113.75,107.7,113.3,21319577,2369084051
2017-11-14,Tuesday,114.75,114.9,112.25,113.95,15327606,1744837620
2017-11-15,Wednesday,114,115.75,112.75,113.4,11164273,1275950714
2017-11-16,Thursday,114.3,115,111.85,114.2,8342249,950116130.5
2017-11-17,Friday,115.7,117.2,115.5,116,10574972,1230452971
2017-11-20,Monday,116.4,117.25,114.35,114.95,9459111,1091022404
2017-11-21,Tuesday,115.35,115.6,113.6,114.75,11545276,1324126438
2017-11-22,Wednesday,114.2,114.7,110.7,113.35,23545581,2648413896
2017-11-23,Thursday,113.9,115,112.3,114.7,13659083,1552975896
2017-11-24,Friday,114,119.4,114,118.45,15401284,1807005938
2017-11-27,Monday,118.3,124,118,123.6,24232866,2958317897
2017-11-28,Tuesday,123.75,123.75,120.5,121.4,9602574,1171203129
2017-11-29,Wednesday,121.3,122.25,119.7,120.85,9549129,1153431577
2017-11-30,Thursday,120.4,120.45,117.35,117.85,13517247,1602621676
2017-12-01,Friday,119.2,123.2,119.2,120.05,21469285,2608759912
2017-12-04,Monday,122.45,122.45,115.4,116.35,14612462,1732966419
2017-12-05,Tuesday,116.35,116.35,112.55,114.05,15039479,1713200674
2017-12-06,Wednesday,114,115.95,112.5,114.45,9390524,1076877207
2017-12-07,Thursday,114.85,117.35,114.6,116.9,8391644,976132648.1
2017-12-08,Friday,117.5,119.35,117.1,118.55,10420608,1237192656
2017-12-11,Monday,120.35,120.4,117.4,117.9,7720936,915245809.9
2017-12-12,Tuesday,117.45,117.7,113.2,113.8,12071975,1389363479
2017-12-13,Wednesday,113.9,115,112.6,114.05,10933962,1246633231
2017-12-14,Thursday,114.5,114.8,111.1,112.05,11950647,1342201271
2017-12-15,Friday,114,114.4,112.3,112.75,9188447,1038151730
2017-12-18,Monday,112,115.95,105.95,114.3,16437780,1867777268
2017-12-19,Tuesday,115.25,118.55,114.5,118.15,12707741,1481304811
2017-12-20,Wednesday,118.1,119.5,117.2,117.8,8412028,996186934.7
2017-12-21,Thursday,117.95,119.05,116.7,117.55,9259990,1091065430
2017-12-22,Friday,118.4,118.85,116.4,117.6,6908953,812852290.1
2017-12-26,Tuesday,118.6,120.35,118,119.15,8415655,1003169658
2017-12-27,Wednesday,119.25,120.2,117.5,118.6,8897773,1058373472
2017-12-28,Thursday,118.65,118.8,117.2,117.7,5166001,610010793.5
2017-12-29,Friday,118,120,117.2,119.1,7755733,918618440.5
2018-01-01,Monday,119.65,122.5,118.05,118.65,10218058,1231994969
2018-01-02,Tuesday,119.25,123.85,117,123.35,27656711,3362836711
2018-01-03,Wednesday,124.75,125.8,123.75,124.5,22686568,2830878816
2018-01-04,Thursday,125.25,127.35,123.8,126.95,17032019,2142968878
2018-01-05,Friday,127,128.2,126,127.45,8969607,1139880134
2018-01-08,Monday,127.9,129,126.9,128.45,8807108,1127524046
2018-01-09,Tuesday,130.2,132.6,129.5,130.5,20917588,2740289099
2018-01-10,Wednesday,130.3,130.5,126.7,127.95,8194879,1049421407
2018-01-11,Thursday,127,128.9,126.05,127.05,10204509,1298019859
2018-01-12,Friday,127.5,129.15,125.1,128.65,8882198,1133102441
2018-01-15,Monday,128.95,129.35,125,126.1,9735164,1235025903
2018-01-16,Tuesday,126.1,126.4,121.6,122.3,11527983,1424502194
2018-01-17,Wednesday,122.1,124.8,119.5,124.45,10469892,1289626859
2018-01-18,Thursday,124.2,125.3,120.1,120.9,10351616,1266914200
2018-01-19,Friday,120.8,121.5,118.7,121.05,9786893,1176859654
2018-01-22,Monday,121.65,121.95,119.2,121.05,7431883,896192199.5
2018-01-23,Tuesday,120.5,125.3,120.2,124,10962021,1354712720
2018-01-24,Wednesday,124,125.15,122.3,123.3,12152677,1500969940
2018-01-25,Thursday,124.25,124.4,121.6,122.3,11367419,1399937689
2018-01-29,Monday,122.9,126.55,122.65,125.4,13757107,1720088485
2018-01-30,Tuesday,125.8,126.65,123.55,125.75,12328142,1544274461
2018-01-31,Wednesday,125.4,126.55,124.4,126.1,10040333,1257742795
2018-02-01,Thursday,126.95,126.95,116.3,123.35,15946691,1971698771
2018-02-02,Friday,124.3,126.65,118.5,122.3,38049390,4712082949
2018-02-05,Monday,118.9,130,118.35,129.35,22945256,2884423720
2018-02-06,Tuesday,123,128.7,120.8,126.9,24648572,3095763239
2018-02-07,Wednesday,129.95,134,128.65,132.9,25341574,3320857685
2018-02-08,Thursday,133.75,136.6,133.1,134.15,24389428,3293839820
2018-02-09,Friday,131,135.75,131,134.2,17062623,2287179722
2018-02-12,Monday,135.4,136.75,132.7,133.3,11892807,1595388028
2018-02-14,Wednesday,135.45,138.75,134.2,137.4,27373293,3756161137
2018-02-15,Thursday,138.45,139.3,136.2,137.25,14544353,2005936170
2018-02-16,Friday,138.6,138.9,133.4,133.95,14941293,2019125914
2018-02-19,Monday,134.45,134.5,130.65,132.2,12180808,1609380482
2018-02-20,Tuesday,132.5,135.35,131.8,133.4,9905274,1323010339
2018-02-21,Wednesday,134,134.9,131.95,132.35,9506894,1265696766
2018-02-22,Thursday,131.8,133.35,131.2,132.35,10189228,1346967586
2018-02-23,Friday,133,134.9,132.65,134.4,7724163,1033183093
2018-02-26,Monday,135.5,137.8,135.5,136.8,12024593,1646190846
