2015-01-01,Thursday,18728.2,18781.55,18638.85,18750.45,20469847,810.17
2015-01-02,Friday,18752.2,19118.85,18752.2,19057.8,41288039,1713.48
2015-01-05,Monday,19155.2,19166,18987.7,19017.4,36318747,1497.4
2015-01-06,Tuesday,18874.6,18874.6,18388.35,18430.75,52069776,2124.64
2015-01-07,Wednesday,18382.55,18482.05,18211.5,18304.25,58241387,2341.58
2015-01-08,Thursday,18587.1,18752.3,18486.2,18701.4,47744703,2208.7
2015-01-09,Friday,18845.9,18864,18479.65,18637.25,51848548,2360.78
2015-01-12,Monday,18632,18822.05,18530.1,18795.85,35089936,1429.2
2015-01-13,Tuesday,18889,18920.65,18642.8,18707.2,44597947,2054.14
2015-01-14,Wednesday,18670.4,18769.65,18517.9,18603.8,41590949,1849.89
2015-01-15,Thursday,19340.45,19410.4,19061.35,19235.65,86507935,3633.25
2015-01-16,Friday,19274.15,19275.8,19108.35,19223.15,64054519,2727.26
2015-01-19,Monday,19345.65,19434.2,19299.1,19406.05,43457730,1841.28
2015-01-20,Tuesday,19446.8,19808.25,19446.8,19767.05,53748223,2506.48
2015-01-21,Wednesday,19811.85,19964.95,19803.15,19843.25,70754102,3107.26
2015-01-22,Thursday,19898.5,19964.25,19788.7,19917.65,48970464,2088.71
2015-01-23,Friday,20133.85,20167.65,19967.35,20072.7,60572191,2518.75
2015-01-27,Tuesday,20179.8,20609.25,20098.25,20555.25,54239370,2361.39
2015-01-28,Wednesday,20507.5,20907.55,20435,20491.75,67840741,3129.13
2015-01-29,Thursday,20475.7,20579,20338.95,20528.6,74660443,3311.8
2015-01-30,Friday,20600.65,20600.65,19732.45,19843.75,120252455,4112.58
2015-02-02,Monday,19778.95,19991.4,19564.5,19865.9,90687967,3676.27
2015-02-03,Tuesday,19941.7,19963.7,19303.5,19382.95,107824150,3966.45
2015-02-04,Wednesday,19423.25,19423.25,19113.35,19174,81360048,3179.43
2015-02-05,Thursday,19170.15,19444.65,18977.9,19051.9,70976148,2647.49
2015-02-06,Friday,19066.25,19119.7,18740.35,18786.7,72602607,2547.37
2015-02-09,Monday,18650,18667.05,18379.6,18403.85,60429342,2079.53
2015-02-10,Tuesday,18242.95,18933.7,18226.9,18752.5,95139429,3524
2015-02-11,Wednesday,18890.75,19051.8,18890.75,18940.8,56943797,2057.01
2015-02-12,Thursday,19073.45,19176.8,18739.85,19128.6,71078575,2479.52
2015-02-13,Friday,19284.3,19441,19164.25,19369.7,114369392,3822.34
2015-02-16,Monday,19518.85,19532.7,19127.15,19189.95,57732371,2122.5
2015-02-18,Wednesday,19226.4,19389.8,19171.9,19296.5,46736878,1740.35
2015-02-19,Thursday,19296.15,19377.45,18876.25,19188.3,53870593,1956.43
2015-02-20,Friday,19157.3,19307.8,18882.25,19073.55,63838362,2321.42
2015-02-23,Monday,19199.15,19219.75,18835.35,18913.4,51088766,2071.28
2015-02-24,Tuesday,18940.45,19022.15,18737.75,18883.8,59152218,2395.76
2015-02-25,Wednesday,18969.2,19069.15,18700.2,18733.05,54229904,2122.15
2015-02-26,Thursday,18781.4,18795.1,18489.6,18538.1,76878910,2894.35
2015-02-27,Friday,18659.65,19114.45,18654.85,19074.55,69819276,2581.78
2015-02-28,Saturday,19306.5,19776.9,19023.55,19691.2,100390043,4013.78
2015-03-02,Monday,19954.5,20065.5,19750.85,20008.1,76974161,3513.38
2015-03-03,Tuesday,20043.4,20043.4,19821.55,19961.2,58340797,2359.94
2015-03-04,Wednesday,20541.65,20541.65,19555.1,19643.9,118684182,4758.11
2015-03-05,Thursday,19605.6,19830.35,19398.75,19748,59875106,2436.46
2015-03-09,Monday,19545.25,19545.25,19112.65,19145.55,53042357,2049.83
2015-03-10,Tuesday,19170.3,19271.8,18915.1,19054.4,57599232,2164.93
2015-03-11,Wednesday,19050.3,19181.8,18917.9,19044,55360126,2007.31
2015-03-12,Thursday,19201.1,19255.9,19095.3,19141.85,41367973,1616.17
2015-03-13,Friday,19359.75,19376.85,18737.35,18779.8,54939717,2009.37
2015-03-16,Monday,18786.65,18912.85,18688,18837.35,48153899,1879.14
2015-03-17,Tuesday,18961.3,19121.85,18781.5,19058.25,47743992,1758.87
2015-03-18,Wednesday,19080.25,19234.4,18937.25,19147.25,59060854,2112.6
2015-03-19,Thursday,19345.7,19373.45,18739.85,18811.15,51683013,2152.84
2015-03-20,Friday,18778.8,18782.95,18541.5,18606.35,62962667,2394.26
2015-03-23,Monday,18695.05,18696.7,18409.9,18449,42987120,1577.49
2015-03-24,Tuesday,18348.35,18546.25,18289.75,18331.45,62690934,2321.27
2015-03-25,Wednesday,18364.3,18433,18271.6,18310.1,53985052,2021.21
2015-03-26,Thursday,18138.8,18224.1,17729.1,17831.65,104061184,4444.31
2015-03-27,Friday,18013.65,18092.4,17719.35,18044.8,79498523,2881.25
2015-03-30,Monday,18160.2,18393.25,18089.45,18361.8,50868224,1892.47
2015-03-31,Tuesday,18424.1,18494.35,18158.55,18206.65,57948741,2023.51
2015-04-01,Wednesday,18204.55,18668.85,18131.4,18617.85,45673069,1589.69
2015-04-06,Monday,18702.6,18702.6,18455.2,18605.45,47587506,1778.08
2015-04-07,Tuesday,18666.6,18669.6,18351.8,18469.3,53179556,2022.51
2015-04-08,Wednesday,18559.55,18595.6,18381.55,18416.6,45753359,1657.73
2015-04-09,Thursday,18523.35,18894.75,18401.45,18875.85,72684119,2674.77
2015-04-10,Friday,18869.85,18896.5,18724.95,18800.85,54223553,1938.29
2015-04-13,Monday,18842.25,18890.65,18708.3,18798.25,43773210,1619.82
2015-04-15,Wednesday,18848.65,19038.5,18615.85,18716.3,66391246,2650.82
2015-04-16,Thursday,18731.65,18731.65,18504.7,18637.05,55609375,2228.76
2015-04-17,Friday,18618.5,18625.75,18321.75,18345.55,57298263,2242.75
2015-04-20,Monday,18386.25,18500.3,17984.65,18112.75,57294278,2301.6
2015-04-21,Tuesday,18102.3,18328.35,18036.9,18105.75,53177130,2098.63
2015-04-22,Wednesday,18196.85,18297.2,17798.65,18243.7,61974250,2452.83
2015-04-23,Thursday,18350.35,18433.8,18143.75,18245.6,56980744,2726.39
2015-04-24,Friday,18290.75,18290.75,17916.8,18001.9,52289660,2100.28
2015-04-27,Monday,18063.6,18075.7,17738.9,17767.6,66541958,2360.94
2015-04-28,Tuesday,17766.55,18320.1,17766.55,18246.25,77448235,2907.93
2015-04-29,Wednesday,18255.8,18431.9,18202.4,18302.65,60010265,2353.96
2015-04-30,Thursday,18318.85,18430.05,18163.9,18338.1,92163016,3863.55
2015-05-04,Monday,18417.5,18586.3,18350.95,18501.3,38833685,1454.35
2015-05-05,Tuesday,18500,18563.05,18396.8,18471.45,39419171,1844.4
2015-05-06,Wednesday,18436.9,18580.1,17757.7,17799.55,66730522,2647.06
2015-05-07,Thursday,17751.4,17751.4,17246.55,17376.9,60253207,2309.36
2015-05-08,Friday,17600.25,17907.5,17600.25,17796.6,88963421,2861.54
2015-05-11,Monday,17921.15,18240.65,17841.75,18199.75,108498669,2834.03
2015-05-12,Tuesday,18193.55,18193.55,17597.75,17628.65,69364982,2206.9
2015-05-13,Wednesday,17779.25,18127.8,17650.35,18097.45,63573496,2280.41
2015-05-14,Thursday,18071,18156.95,17806.1,18116.2,54448233,1859.95
2015-05-15,Friday,18178.4,18260.3,18108.55,18183.15,63070882,2270.96
2015-05-18,Monday,18274.6,18439.7,18213.75,18422.95,46167235,1640.83
2015-05-19,Tuesday,18364.9,18556.05,18296.75,18380.4,54669360,1979.4
2015-05-20,Wednesday,18432.6,18619.6,18432.6,18555.15,42764836,1538.13
2015-05-21,Thursday,18593.85,18603.8,18398.65,18513.15,51708394,1736.47
2015-05-22,Friday,18560.85,18755.45,18354.55,18433.3,110163572,3388.67
2015-05-25,Monday,18405.05,18475.55,18302.5,18324.85,52100958,1703.7
2015-05-26,Tuesday,18339.1,18378.2,18226,18329.3,35176215,1219.4
2015-05-27,Wednesday,18299.65,18561.5,18236.25,18538.85,47772490,1601.13
2015-05-28,Thursday,18562.75,18639.65,18381.75,18449.2,78588818,2738.15
2015-05-29,Friday,18486.4,18751.2,18461.45,18721.35,58085375,2009.08
2015-06-01,Monday,18721.15,18832.5,18598.7,18617,35755937,1352.68
2015-06-02,Tuesday,18656.05,18656.05,17932.3,17977.3,66799306,2331.6
2015-06-03,Wednesday,17978.15,17978.15,17567.2,17721.4,73475921,2506.46
2015-06-04,Thursday,17757.35,17777.9,17469.65,17719.2,68045447,2316.6
2015-06-05,Friday,17679.9,17786.5,17506.25,17549.25,59916302,2135.17
2015-06-08,Monday,17542.5,17561.4,17358.45,17432.6,61733263,2014.79
2015-06-09,Tuesday,17413.45,17560.5,17392.95,17489.9,57344058,1928.03
2015-06-10,Wednesday,17485.9,17782,17485.9,17707.25,49732467,1851.67
2015-06-11,Thursday,17819.6,17821.9,17264.2,17304.4,75497870,2598.88
2015-06-12,Friday,17298.45,17551.35,17174.7,17523.55,56900277,1978.75
2015-06-15,Monday,17499.35,17579,17366.15,17458.7,51230225,1787.9
2015-06-16,Tuesday,17368.45,17651.9,17293.45,17602.45,47541970,1693.78
2015-06-17,Wednesday,17681.2,17692.55,17533.45,17584.05,50116633,1830.49
2015-06-18,Thursday,17661.9,17797.35,17630.65,17733.55,53456551,1930.96
2015-06-19,Friday,17758.95,17935.3,17730.7,17880.85,45309746,1524.98
2015-06-22,Monday,17956.55,18420.95,17950.6,18334.5,61419191,2154.12
2015-06-23,Tuesday,18414.55,18499.6,18287.25,18391.35,61660708,2112.19
2015-06-24,Wednesday,18403.9,18499.75,18304.95,18365.55,50177396,1766.86
2015-06-25,Thursday,18312.85,18539.15,18278.7,18492.9,83574982,2822.78
2015-06-26,Friday,18461.6,18461.6,18199.25,18371.5,51902054,1740.31
2015-06-29,Monday,17962.5,18291.75,17821.9,18241.25,56450814,1846.26
2015-06-30,Tuesday,18204.85,18342.5,18086.8,18296.1,57085356,1978.5
2015-07-01,Wednesday,18275.6,18629.15,18261.9,18581.6,58558613,2034.29
2015-07-02,Thursday,18605.1,18642.85,18513.3,18585.55,46594751,1838.3
2015-07-03,Friday,18535.7,18756.65,18535.7,18729.65,37531821,1423.01
2015-07-06,Monday,18488.35,18855.9,18417.35,18825.15,42769838,1692.4
2015-07-07,Tuesday,18794.1,18980.65,18713.15,18798.5,46335758,1680.1
2015-07-08,Wednesday,18579.65,18669.45,18402.85,18463.15,61686240,2520.84
2015-07-09,Thursday,18442.15,18584,18409.2,18508.7,40159309,1530.46
2015-07-10,Friday,18584.95,18767.8,18534.55,18719.8,47365522,1655.66
2015-07-13,Monday,18753.8,18929.2,18657.6,18893.55,44253570,1920.38
2015-07-14,Tuesday,18913.75,18940.85,18734.4,18780.2,41870853,1554.23
2015-07-15,Wednesday,18801.5,18894.9,18773.9,18816.25,39321890,1278.66
2015-07-16,Thursday,18870.5,19195.4,18867.5,19168.05,59754376,2629.76
2015-07-17,Friday,19175.3,19229.05,19069.3,19094.7,37799797,1540.99
2015-07-20,Monday,19126.1,19149.05,18852.7,19032.7,57348699,1474.65
2015-07-21,Tuesday,19042.95,19101.5,18702.45,18723.4,40091629,1456.01
2015-07-22,Wednesday,18683.3,19038.15,18613.6,18997,45250592,1661.48
2015-07-23,Thursday,18990.85,19091.45,18819.25,18865,41291991,1521.39
2015-07-24,Friday,18832.45,18860.75,18613.55,18635.85,59850422,2291.52
2015-07-27,Monday,18566.55,18566.55,18187.45,18213.05,48338057,1715.4
2015-07-28,Tuesday,18250.65,18379.1,18174.2,18282.8,92774462,2575.39
2015-07-29,Wednesday,18331.55,18383.65,18264.3,18323.4,54583692,1922.34
2015-07-30,Thursday,18383,18521.75,18367.2,18440.4,106468416,2892.59
2015-07-31,Friday,18489.85,18828.85,18474.8,18729.85,117407559,3649.78
2015-08-03,Monday,18782.65,19016.4,18782.65,18914.7,94100555,2911.08
2015-08-04,Tuesday,18968.25,19067.35,18758.9,18972.6,104132738,3200.31
2015-08-05,Wednesday,19047.3,19103.7,18868.65,18928.55,67018432,1960.65
2015-08-06,Thursday,18946.3,19100.55,18830.4,19029.35,59517717,1832.47
2015-08-07,Friday,18992.8,19019.65,18849.15,18893.55,41653570,1299.91
2015-08-10,Monday,18926.1,19071.35,18781.3,18875,43121213,1446.95
2015-08-11,Tuesday,18918.55,18918.55,18555.5,18616.9,76413031,2272.9
2015-08-12,Wednesday,18515.2,18515.2,18034.75,18059.75,68321743,2143.2
2015-08-13,Thursday,18211.5,18359.25,18080.5,18175.4,56495503,1878.94
2015-08-14,Friday,18275.5,18766,18193.1,18723.6,68472344,2189.85
2015-08-17,Monday,18763.05,18896.45,18580.65,18822.05,122687958,3249.4
2015-08-18,Tuesday,18862.15,18874.1,18595.5,18780.85,81705775,2363.47
2015-08-19,Wednesday,18753.45,18803.5,18636.1,18703.25,54367547,1719.95
2015-08-20,Thursday,18533.25,18711.35,18219.9,18283.1,76744606,2633.36
2015-08-21,Friday,17978.25,18118.8,17842.1,18057.2,86612685,3061.52
2015-08-24,Monday,17446.35,17446.35,16740.7,16811.8,138307572,4458.02
2015-08-25,Tuesday,17084.15,17269.15,16670.55,17192.75,123179428,3659.72
2015-08-26,Wednesday,17113.1,17172.2,16875.5,16917.65,83956178,2370.31
2015-08-27,Thursday,17175.65,17249.5,17061.85,17214.4,115472196,3573.28
2015-08-28,Friday,17425.3,17569.8,17099.8,17211.95,76587431,2548.57
2015-08-31,Monday,17137.25,17353.3,17028.9,17146.55,69185388,2015.18
2015-09-01,Tuesday,16983.8,16983.8,16436.85,16530.3,82805160,2561.32
2015-09-02,Wednesday,16703.95,16714.5,16218.65,16252.7,92263285,2721.1
2015-09-03,Thursday,16404.95,16607.4,16320.55,16555.4,67618554,2045.04
2015-09-04,Friday,16444.2,16444.2,15933.15,16129.1,88284844,2544.32
2015-09-07,Monday,16222.2,16273.35,15762.2,15790.1,70985097,2071.52
2015-09-08,Tuesday,15888.5,16419,15819.55,16350.95,82216809,2722.37
2015-09-09,Wednesday,16658.35,16781.55,16462.45,16631.5,86171475,2809
2015-09-10,Thursday,16351.75,16711.55,16192.25,16597.65,62602462,1936.25
2015-09-11,Friday,16682.25,16781.15,16518.8,16612.6,62307225,1883.93
2015-09-14,Monday,16596.5,16937.9,16525.15,16911.8,50037659,1632.82
2015-09-15,Tuesday,16905.8,16919.45,16681.55,16739.55,62041195,2006.14
2015-09-16,Wednesday,16885.2,17015.75,16780.15,16964.85,56132969,1918.47
2015-09-18,Friday,17184.25,17602,17156.2,17409.15,101963107,3490.04
2015-09-21,Monday,17186.05,17571.3,17178.85,17542.9,54440559,1755.03
2015-09-22,Tuesday,17574.6,17652.35,16946.25,17031.15,66788167,2106
2015-09-23,Wednesday,16783.8,17309.7,16759,17255.3,62555647,2058.16
2015-09-24,Thursday,17206.1,17283.1,17070.55,17196.65,57933912,2058.28
2015-09-28,Monday,17286.25,17384.75,17073.95,17100.3,44270111,1610.18
2015-09-29,Tuesday,16859.75,17461.35,16648.3,17281.2,121822683,4146.63
2015-09-30,Wednesday,17404.75,17449.85,17100.2,17216.3,69972702,2451.94
2015-10-01,Thursday,17362.95,17390.6,17111.65,17150.2,47938874,1672.66
2015-10-05,Monday,17373.55,17699.75,17362.7,17674.05,63887128,2219.7
2015-10-06,Tuesday,17822.7,17827.15,17493.75,17605.35,54328513,1785.8
2015-10-07,Wednesday,17577.5,17674.55,17500.35,17616.8,50519627,1781.59
2015-10-08,Thursday,17622.85,17622.85,17401.2,17474.3,50874056,1739.83
2015-10-09,Friday,17640.4,17749.55,17498.45,17590.25,56206754,2061.15
2015-10-12,Monday,17642.6,17759.8,17546.95,17583.15,51852861,1486.42
2015-10-13,Tuesday,17530.55,17632.25,17473.7,17554.85,42876621,1378.63
2015-10-14,Wednesday,17453,17598.1,17434.05,17543.25,36203784,1182.98
2015-10-15,Thursday,17604.45,17752.7,17582.85,17686.1,45583753,1558.44
2015-10-16,Friday,17701.5,17947.75,17583.55,17912.85,47119014,1583.34
2015-10-19,Monday,17911.65,17954.9,17817.95,17855.05,33082057,1094.46
2015-10-20,Tuesday,17843.65,17940.4,17755.65,17830.25,43600373,1418.03
2015-10-21,Wednesday,17814.55,17891.75,17565.35,17710.55,75991251,1585.71
2015-10-23,Friday,17859.75,17980.5,17852.55,17934.05,52769531,1641.27
2015-10-26,Monday,18027.1,18029.05,17798.65,17815.05,48475058,1510.58
2015-10-27,Tuesday,17738.45,17855.35,17738.45,17806.3,44418165,1729.55
2015-10-28,Wednesday,17589.35,17682.45,17281.4,17373.15,88770165,3350.25
2015-10-29,Thursday,17388.4,17400.2,17178.85,17212.2,83585173,3212.52
2015-10-30,Friday,17249.9,17399.1,17170.35,17354.5,76279136,2769.24
2015-11-02,Monday,17351.45,17372.25,17208.95,17340.6,48711521,1592.49
2015-11-03,Tuesday,17436.5,17466.2,17265.05,17325.6,44370782,1520.72
2015-11-04,Wednesday,17449,17449,17175.65,17221.05,41020104,1306
2015-11-05,Thursday,17166.45,17166.45,16957.35,16995.1,46706567,1516.61
2015-11-06,Friday,17003,17143.6,16911.6,17086.5,120185655,2901.44
2015-11-09,Monday,16667.9,17069,16587.25,17003,80562033,2519.91
2015-11-10,Tuesday,16895.2,17047.3,16805.05,16836,60864871,1692.89
2015-11-11,Wednesday,16944.7,17016.8,16935.9,16956,10972178,393.04
2015-11-13,Friday,16829.3,16962.55,16741.8,16932.85,47160823,1655.74
2015-11-16,Monday,16881.65,17230.5,16855.5,17184.9,50710286,1543.3
2015-11-17,Tuesday,17302.55,17302.55,17028.2,17140.45,53695877,1608.57
2015-11-18,Wednesday,17108.9,17186.7,16787.55,16812.1,44250311,1342.1
2015-11-19,Thursday,16944.35,17110.35,16874.7,17071.9,42911555,1427
2015-11-20,Friday,17022.7,17262.85,16931.3,17055.6,56529641,1862.49
2015-11-23,Monday,17120.25,17126.35,16969.35,17060.25,45465543,1430.55
2015-11-24,Tuesday,17012.85,17108.4,16964.9,16988.65,39690936,1265.36
2015-11-26,Thursday,16988.2,17111.45,16972.6,17036.55,74810537,2690.8
2015-11-27,Friday,17095.2,17403.65,17049.55,17370.95,70130117,2097.43
2015-11-30,Monday,17336.25,17498.35,17336.25,17430.4,57553672,1861.22
2015-12-01,Tuesday,17456.75,17495.45,17353.85,17398.55,40750147,1395.83
2015-12-02,Wednesday,17457.15,17470.85,17164,17218.5,40854274,1263.18
2015-12-03,Thursday,17137.8,17219,17080.25,17110.1,41691597,1323.84
2015-12-04,Friday,17009.45,17009.45,16880.35,16897.3,47280436,1522.98
2015-12-07,Monday,17018,17031.85,16921.75,16947,34913097,1162.91
2015-12-08,Tuesday,16888.65,16943.05,16783.65,16801.15,43130595,1340.55
2015-12-09,Wednesday,16762.15,16868.6,16626.55,16660.75,41301150,1274.24
2015-12-10,Thursday,16697.2,16745.25,16573.15,16711.05,50821530,1699.95
2015-12-11,Friday,16751.35,16758.7,16260.1,16342.5,79358482,2386.65
2015-12-14,Monday,16212.4,16440.85,16205.8,16350.65,60757601,1861.6
2015-12-15,Tuesday,16342.35,16425.15,16188.05,16398.65,56408351,1714.81
2015-12-16,Wednesday,16464.5,16640.4,16363.9,16579.4,67659792,1985.14
2015-12-17,Thursday,16704.05,16771.8,16544.65,16741.5,72117905,2081.73
2015-12-18,Friday,16719.45,16737.7,16572.75,16594.3,68363392,2030.29
2015-12-21,Monday,16593.4,16848.6,16580.65,16825.15,43038799,1256.07
2015-12-22,Tuesday,16810.7,16946.1,16704.15,16749.2,55650655,1569.96
2015-12-23,Wednesday,16828.35,16913.15,16812.5,16882.5,37200425,1077.83
2015-12-24,Thursday,16926.95,16939.6,16756.9,16811,27091752,807.26
2015-12-28,Monday,16843.4,17019,16843.4,16979.15,41135712,1365.1
2015-12-29,Tuesday,16988.3,17045.55,16921.15,16991.45,36299594,1153.71
2015-12-30,Wednesday,16997.5,17011.3,16889.05,16917.9,40935766,1101.5
2015-12-31,Thursday,16916.05,16972.25,16896.65,16922.2,59187548,1742.66
2016-01-01,Friday,16932.5,17067.45,16824.05,17039.25,29215687,842.48
2016-01-04,Monday,16966.35,16966.35,16575.45,16599.15,52324127,1541.5
2016-01-05,Tuesday,16652.05,16670.2,16474.85,16542.5,53646729,1398.28
2016-01-06,Wednesday,16505.45,16614.95,16377.65,16433.15,55221322,1497.85
2016-01-07,Thursday,16256.55,16256.55,16049.75,16073.85,76230933,2123.7
2016-01-08,Friday,16135.4,16229,16104.1,16142.65,53483569,1559.14
2016-01-11,Monday,15979.05,16156.8,15840.6,16016.25,67298931,1807.79
2016-01-12,Tuesday,16080.4,16080.4,15699.4,15734.8,98499719,2317.63
2016-01-13,Wednesday,15835.05,15956.25,15532.25,15871.85,113380181,2788.44
2016-01-14,Thursday,15612.1,15803.2,15453.4,15609.8,81791556,2078.88
2016-01-15,Friday,15621.85,15650.7,15154.35,15206.3,98894244,2370.35
2016-01-18,Monday,15165.2,15270.4,14956.95,15020.8,121191177,2858.69
2016-01-19,Tuesday,15086.75,15338.2,15086.75,15269.65,85097353,2244.94
2016-01-20,Wednesday,15059.5,15533.45,14754.65,14935.5,92651950,2387.1
2016-01-21,Thursday,15132.2,15364.6,14918.15,15101.2,109781594,2868.71
2016-01-22,Friday,15343.15,15575.65,15274.9,15497.55,87614131,2171.13
2016-01-25,Monday,15667,15682.65,15495.1,15561.15,66198778,1818.37
2016-01-27,Wednesday,15648.4,15673.95,15442.2,15534.6,68640342,1620.28
2016-01-28,Thursday,15569.55,15572.2,15349.75,15381.45,85676389,2253.06
2016-01-29,Friday,15140.15,15554.9,15136.85,15522.4,137127980,3961.51
2016-02-01,Monday,15547.75,15565.5,15281.35,15314.45,101914265,2931.57
2016-02-02,Tuesday,15353.6,15463.45,15018.85,15068,117353243,2840.84
2016-02-03,Wednesday,14897.4,14947.8,14777.75,14834.05,84639389,2169.51
2016-02-04,Thursday,14969.2,14978.35,14761.4,14869.15,91114395,2315.65
2016-02-05,Friday,14928.25,15211.9,14890.9,15162.05,97272505,2486.58
2016-02-08,Monday,15206.3,15367.9,14960.1,15046.8,89200251,2170.65
2016-02-09,Tuesday,14830.4,14964.9,14760.8,14875.1,104650249,2188.07
2016-02-10,Wednesday,14740.2,14779.15,14490.2,14588.45,125483478,2671.87
2016-02-11,Thursday,14518.65,14530.8,13969.85,14028.55,177103186,3557.95
2016-02-12,Friday,14088.6,14154.55,13810.6,13971.5,159082790,3869.88
2016-02-15,Monday,14120.9,14548.15,14120.5,14445,173684225,3623
2016-02-16,Tuesday,14602.25,14602.25,14136.8,14166.45,122479893,2661.57
2016-02-17,Wednesday,14165.25,14186.1,13892.1,14119.85,132908648,2737.11
2016-02-18,Thursday,14301.75,14385.65,14180.9,14298.15,108987470,2402.51
2016-02-19,Friday,14243.45,14395.85,14207.35,14344.2,99325491,2016.18
2016-02-22,Monday,14331.2,14467.15,14322.65,14384.8,68267346,1536.4
2016-02-23,Tuesday,14373.3,14373.3,13961.75,14008.35,81430644,1965.76
2016-02-24,Wednesday,13873.7,13974.5,13760.25,13794.05,92126868,2031.46
2016-02-25,Thursday,13844.45,13844.45,13519.9,13555.7,107787803,2375.44
2016-02-26,Friday,13715.1,13889.25,13595.2,13791.45,102344200,2155.84
2016-02-29,Monday,13818.9,14222.3,13407.25,13946.4,262463001,6538.28
2016-03-01,Tuesday,14064.8,14445.7,14064.8,14412.9,99318596,2340.78
2016-03-02,Wednesday,14770.35,15138.7,14767.3,15092.45,176235867,3966.29
2016-03-03,Thursday,15150.05,15206.25,15000.05,15177.75,106177314,2659.42
2016-03-04,Friday,15243.75,15451.75,15005.5,15339.2,131358681,2755.33
2016-03-08,Tuesday,15323.45,15326.65,15066.5,15146.5,93409280,2172.12
2016-03-09,Wednesday,15022.35,15331.25,14989.4,15279.05,103166377,2532.39
2016-03-10,Thursday,15347.45,15354.15,15098.5,15180.65,71231660,1842.52
2016-03-11,Friday,15133.75,15343.55,15024.8,15168.2,76974856,2153.88
2016-03-14,Monday,15309.05,15416.15,15220.15,15277.8,62568481,1651.96
2016-03-15,Tuesday,15310.45,15386.85,15268.1,15326.8,75740344,2008.44
2016-03-16,Wednesday,15304.35,15489.5,15178.3,15461.7,80437373,2070.96
2016-03-17,Thursday,15622.3,15704.75,15312.5,15444,103772808,2858.64
2016-03-18,Friday,15485.8,15678.55,15456.2,15654.85,71783060,1896
2016-03-21,Monday,15735.55,15945.8,15735.55,15926.1,73595488,1979.57
2016-03-22,Tuesday,15930.45,15967.85,15779.15,15936,58606010,1669.75
2016-03-23,Wednesday,15884.25,15919.6,15799.95,15887.75,64078807,1982.19
2016-03-28,Monday,15867.75,15890.7,15522.2,15604.9,83527683,2658.69
2016-03-29,Tuesday,15583.1,15774.1,15580.8,15666.25,69537187,1823.03
2016-03-30,Wednesday,15829.6,16167.5,15762.2,16134.85,93824682,2461.58
2016-03-31,Thursday,16134.4,16282.75,16062.05,16141.65,161944757,4080.61
2016-04-01,Friday,16099.65,16235.8,16020.6,16174.9,90417981,2174.55
2016-04-04,Monday,16236.9,16278.5,16046.5,16190.6,72458835,1912.58
2016-04-05,Tuesday,16127.45,16147.15,15659.75,15695,125878076,3117.87
2016-04-06,Wednesday,15750.15,15768.55,15578.55,15636.95,71126678,1853.86
2016-04-07,Thursday,15668.95,15726.6,15458.05,15530.75,70929338,1645.12
2016-04-08,Friday,15519.3,15642.7,15483.05,15568.35,53833509,1396.16
2016-04-11,Monday,15623.35,15853.85,15440.25,15818.5,72003720,1773.01
2016-04-12,Tuesday,15809.1,15958.8,15794.15,15880.2,66751340,1648.47
2016-04-13,Wednesday,16087.95,16349.7,16080.55,16278.55,84613287,2362.26
2016-04-18,Monday,16328.7,16330.55,16011.9,16222.7,63260117,1846.69
2016-04-20,Wednesday,16299.5,16386.35,16160.55,16349.7,85634855,2166.91
2016-04-21,Thursday,16526.55,16769.55,16526.55,16637.15,149128885,3646.44
2016-04-22,Friday,16641.05,16755.85,16549.1,16703.4,117886991,2835.84
2016-04-25,Monday,16746.95,16767.9,16605,16678.65,80059352,2003.6
2016-04-26,Tuesday,16647.75,17029.85,16572,17002.55,104748280,3051.26
2016-04-27,Wednesday,16869.35,16995,16827.35,16872.95,127303882,4530.95
2016-04-28,Thursday,16885.8,17023.35,16692.7,16716.9,136491989,4343.04
2016-04-29,Friday,16712.95,16841.3,16527.55,16795,138730300,3571.79
2016-05-02,Monday,16614,16674.15,16519.55,16543,101321996,2491.46
2016-05-03,Tuesday,16570.75,16719.4,16358.4,16388.7,90747922,2221.84
2016-05-04,Wednesday,16320.1,16465.6,16250.5,16274.25,114513664,2742.03
2016-05-05,Thursday,16292.4,16398.25,16193.7,16281,90435449,2488.23
2016-05-06,Friday,16264.45,16346.25,16186.25,16296.6,74991308,1712.86
2016-05-09,Monday,16357,16712.9,16357,16686.1,75762620,2373.13
2016-05-10,Tuesday,16710.05,16812.2,16613.9,16784.95,82060322,2263.64
2016-05-11,Wednesday,16544.25,16861.95,16518.75,16754.45,110386461,3461.5
2016-05-12,Thursday,16881.25,16962,16779.5,16923.7,86110726,2480.92
2016-05-13,Friday,16891.7,16891.7,16594.55,16716.9,89058321,2155.87
2016-05-16,Monday,16744.15,16780.05,16431.65,16737.55,126894276,2890.41
2016-05-17,Tuesday,16818.4,16903.35,16738.7,16762.75,99004259,2789.41
2016-05-18,Wednesday,16671.7,16759.05,16556.6,16728.95,130870012,2430.36
2016-05-19,Thursday,16725.45,16726.15,16535.75,16565.25,87516244,1995.4
2016-05-20,Friday,16600.8,16623.2,16455.4,16481.45,73956019,1584.93
2016-05-23,Monday,16560.15,16604.15,16368,16407.55,69309872,1618.48
2016-05-24,Tuesday,16422.35,16501.05,16368.6,16456.65,60212588,1531.44
2016-05-25,Wednesday,16600.65,17025.85,16599.05,16997.45,86513208,2190.92
2016-05-26,Thursday,17037.6,17424.05,16971.35,17359.3,134389985,3368.29
2016-05-27,Friday,17348.35,17543.3,17327.65,17511.8,163233119,3840.31
2016-05-30,Monday,17580.85,17666.05,17484.8,17520.65,96747582,2371.69
2016-05-31,Tuesday,17615.1,17648.25,17462.2,17620.9,115964022,3491.6
2016-06-01,Wednesday,17670.85,17670.85,17392.85,17423.45,99164561,2547.94
2016-06-02,Thursday,17405.15,17596.4,17350.45,17567.8,78335336,2242.66
2016-06-03,Friday,17657.2,17762.05,17649.05,17680.8,89366456,2670.52
2016-06-06,Monday,17710.45,17754.15,17636.9,17671.4,81251372,2190.33
2016-06-07,Tuesday,17796.55,18000.95,17713.35,17948.15,167578972,4195.31
2016-06-08,Wednesday,17976.25,17995.8,17855.2,17946.8,123360967,2819.24
2016-06-09,Thursday,17955.8,17986.15,17801.55,17887.7,107528433,2437.91
2016-06-10,Friday,17830.2,18051.5,17815.25,17828.6,94174779,2392.43
2016-06-13,Monday,17620.55,17666.55,17527.55,17593.95,72871679,1967.88
2016-06-14,Tuesday,17698.95,17719.85,17575.95,17672.4,94796689,2072.72
2016-06-15,Wednesday,17746.05,17943.65,17659.6,17917.9,119252898,2716.96
2016-06-16,Thursday,17827.6,17827.6,17545.8,17671.3,132625249,2917.89
2016-06-17,Friday,17772.3,17843.15,17590.75,17696.05,91953442,2295.07
2016-06-20,Monday,17425.8,17779,17425.8,17718.6,110665302,2595.04
2016-06-21,Tuesday,17761.65,17763.3,17585.65,17619.1,73724929,1760.53
2016-06-22,Wednesday,17610.1,17755.25,17518.15,17626.05,68941887,1925.78
2016-06-23,Thursday,17630.8,17907.5,17611,17892.45,71430195,2007.67
2016-06-24,Friday,17213.85,17459.2,16946.35,17426.05,164607648,4115.86
2016-06-27,Monday,17346.3,17611.2,17346.3,17514.95,89947886,2173.17
2016-06-28,Tuesday,17497,17626.7,17481.5,17561.55,73838256,1865.7
2016-06-29,Wednesday,17643.65,17728.95,17580.5,17689.9,60629596,1743.27
2016-06-30,Thursday,17825.3,17975.05,17795.9,17935.4,118532313,3306.28
2016-07-01,Friday,18019.7,18074.95,17955.3,17985.65,69395415,1897.16
2016-07-04,Monday,18091.75,18146.35,18054.8,18097.65,88028823,2066.45
2016-07-05,Tuesday,18122.4,18124.1,17989.6,18004.25,71760436,1729.8
2016-07-07,Thursday,18036.3,18146.55,17997.1,18084.9,66110768,1744.02
2016-07-08,Friday,18078.05,18079.2,17910.9,18016.25,71384178,1771.8
2016-07-11,Monday,18268.15,18409.45,18243.3,18390.95,95542728,2683.54
2016-07-12,Tuesday,18527.85,18684.45,18464.15,18667.6,119959659,3000.57
2016-07-13,Wednesday,18704.9,18711.6,18546.25,18618.95,91794140,2656.4
2016-07-14,Thursday,18633.5,18880.9,18580.2,18863.75,119591064,2708.83
2016-07-15,Friday,18887.9,19016.1,18772.45,18953.65,98893700,2567.28
2016-07-18,Monday,18998.3,19158,18885,18923.4,89841318,2242.05
2016-07-19,Tuesday,18970.15,19030.05,18833.6,18905.15,119764169,2842.96
2016-07-20,Wednesday,18896.8,19016.25,18886.3,18968.2,76186713,2036.75
2016-07-21,Thursday,18967.4,19000.3,18644.55,18674.3,82995275,2476.38
2016-07-22,Friday,18697.8,18735.4,18551.3,18690.4,98151354,2250.3
2016-07-25,Monday,18594.95,19035.35,18572.1,18989.6,134300249,3500.74
2016-07-26,Tuesday,18979.1,19044.45,18814.25,18860.85,108819760,3022.24
2016-07-27,Wednesday,18908.45,19125,18882.4,19021.95,102758926,3614.03
2016-07-28,Thursday,19050.4,19126.75,18998.8,19076.55,150822269,3940.03
2016-07-29,Friday,19047.05,19070.15,18912.6,18953.15,84588124,2266.22
2016-08-01,Monday,18896.5,19078.5,18634.4,18740.6,107461841,2913.59
2016-08-02,Tuesday,18783.6,18866.55,18671.85,18708.25,93802673,2360.14
2016-08-03,Wednesday,18680.95,18775.4,18542.6,18602,79648244,2267.01
2016-08-04,Thursday,18724.9,18724.9,18443.65,18571.7,99891602,2543.99
2016-08-05,Friday,18725.2,18943.15,18708.25,18925.95,86194390,2482.89
2016-08-08,Monday,18986.75,19028.7,18896,18939.45,62653821,1923.87
2016-08-09,Tuesday,18968.65,19008.15,18838.6,18933.3,80282306,2266.83
2016-08-10,Wednesday,18966.85,18985.25,18611.25,18647.8,77578944,2171.83
2016-08-11,Thursday,18621,18699.2,18537.1,18640.4,101074835,2523.82
2016-08-12,Friday,18698.3,18986.8,18695.5,18963.7,198837215,4945.54
2016-08-16,Tuesday,19029.1,19062.2,18839.4,19002.15,94800297,2853.88
2016-08-17,Wednesday,19044.55,19138.35,18966.35,19041.25,81061925,2349.65
2016-08-18,Thursday,19087.2,19367.45,19083,19352.8,81431396,2692.4
2016-08-19,Friday,19419,19457.4,19327.2,19414.7,110378474,3000.38
2016-08-22,Monday,19432.6,19493.2,19252.75,19330.25,72766030,2260.39
2016-08-23,Tuesday,19311.9,19372.65,19246.9,19341.65,75741851,2165.09
2016-08-24,Wednesday,19358.7,19392.2,19284.35,19355.6,59389952,1807.5
2016-08-25,Thursday,19383.7,19432.75,19282.8,19304.25,91833496,3319.88
2016-08-26,Friday,19336.45,19358,19133.9,19195.75,62935384,1988.03
2016-08-29,Monday,19174.45,19247.85,19096.7,19217,56151054,2097.48
2016-08-30,Tuesday,19306.5,19546.35,19306.5,19531.55,78066462,2862.35
2016-08-31,Wednesday,19595.9,19823.4,19595.9,19787.6,227835482,12621.85
2016-09-01,Thursday,19805.8,19928.2,19738.3,19788.85,73412522,2347.06
2016-09-02,Friday,19830.35,19911.25,19787.6,19883.2,55246832,1827.3
2016-09-06,Tuesday,19990.95,20459.45,19990.95,20426.2,102450560,3418.91
2016-09-07,Wednesday,20505.8,20575.8,20376.75,20406.9,182174112,5025.38
2016-09-08,Thursday,20439.2,20477.4,20335.2,20417.25,84146556,3133.96
2016-09-09,Friday,20274.75,20349.7,20139.15,20245.3,99503901,4359.51
2016-09-12,Monday,19861.45,19861.45,19735.55,19790.6,97967394,3482.14
2016-09-14,Wednesday,19757.05,19953.15,19732.15,19909.15,87058786,3004.68
2016-09-15,Thursday,19927.6,19955.4,19730.25,19837.55,68388707,2351.11
2016-09-16,Friday,19935.85,20227.2,19783.6,19855.45,139007912,5335.43
2016-09-19,Monday,19892.2,20014.4,19849.65,19906.85,64684600,2681.69
2016-09-20,Tuesday,19957.35,19964.3,19797.5,19852.3,55715315,2056.31
2016-09-21,Wednesday,19902.7,19937.85,19749.95,19828.45,62251845,2199.53
2016-09-22,Thursday,20153.1,20264.8,19996.9,20109.6,102577164,3200.62
2016-09-23,Friday,20136.75,20137.55,19861.45,19901.8,96847196,3780.62
2016-09-26,Monday,19792.2,19794.15,19568.35,19591.75,73982979,2552.57
2016-09-27,Tuesday,19652.95,19696.45,19479.15,19518.7,65845836,2254.69
2016-09-28,Wednesday,19542,19700,19509.65,19653.55,117247682,3074.09
2016-09-29,Thursday,19762.3,19793.2,19059.05,19183.65,239435196,9980.19
2016-09-30,Friday,19116,19330.85,19085.2,19285.7,84247936,2589.5
2016-10-03,Monday,19395.55,19611.25,19363.95,19589.05,66410113,2033.38
2016-10-04,Tuesday,19641.75,19747.45,19527.35,19672.7,113388061,2928.8
2016-10-05,Wednesday,19801.3,19816.5,19492.8,19536.85,91727046,2529.11
2016-10-06,Thursday,19518.55,19570.7,19325.8,19395.05,74619781,2686.28
2016-10-07,Friday,19398.05,19456,19318,19400.1,62681646,1878.7
2016-10-10,Monday,19489.5,19501.45,19351.35,19378.55,40907508,1288.05
2016-10-13,Thursday,19295.55,19295.55,18824.4,18954.25,95148972,2977.66
2016-10-14,Friday,19016.7,19053.5,18926.15,19020.15,61797883,1807.64
2016-10-17,Monday,19136.3,19241.75,19002.45,19070.4,123597409,3474.26
2016-10-18,Tuesday,19174.7,19511.8,19162.85,19495.05,104276455,3331.64
2016-10-19,Wednesday,19570.05,19576.3,19322.75,19412.1,65347496,2227.07
2016-10-20,Thursday,19493.9,19722.85,19479.25,19658.7,97604833,3274.33
2016-10-21,Friday,19636.4,19744,19516.4,19710.9,69230448,2310.21
2016-10-24,Monday,19763.85,19897.85,19751.65,19807.9,77828035,2375.85
2016-10-25,Tuesday,19907.7,19922.7,19711.95,19834.9,90588204,2477.21
2016-10-26,Wednesday,19581.7,19725.9,19434.5,19483.6,143827550,4605.88
2016-10-27,Thursday,19452,19544.2,19252.1,19514.6,87647894,3276.15
2016-10-28,Friday,19507.85,19589.7,19362,19555.95,68877003,2262.36
2016-10-30,Sunday,19657.8,19666.8,19484.65,19523.55,8938951,267.09
2016-11-01,Tuesday,19578.6,19591.65,19417.3,19458.6,61792854,1992.47
2016-11-02,Wednesday,19223.5,19296.55,19158.75,19227.9,74364554,2542.39
2016-11-03,Thursday,19201.95,19319.65,19119.3,19178.7,65915418,1907.41
2016-11-04,Friday,19223.85,19223.9,18961.15,19058.1,76173129,2300.58
2016-11-07,Monday,19317.85,19378,19233,19356,77290268,2148.35
2016-11-08,Tuesday,19490.75,19549.45,19322.15,19500.8,83951456,2433.93
2016-11-09,Wednesday,18270.9,19587.8,18143.7,19518.25,169946993,5102.23
2016-11-10,Thursday,19827.5,20283.15,19787.45,20200.25,212502782,5707.96
2016-11-11,Friday,20033.85,20309.65,19704.35,19738.8,197925973,5329.2
2016-11-15,Tuesday,19808.35,19861.75,19240.45,19289.75,208769377,6018.37
2016-11-16,Wednesday,19591.25,19611.9,19088.4,19108.1,134590517,4172.68
2016-11-17,Thursday,19115.9,19328.75,19009.85,19087.85,106724890,3044.75
2016-11-18,Friday,19180.3,19216.35,18897.1,18959.05,79393592,2272.08
2016-11-21,Monday,19063.8,19075.95,18351.25,18446.4,135622966,3456.39
2016-11-22,Tuesday,18626.7,18650.5,18322.7,18548.65,119912505,3357.39
2016-11-23,Wednesday,18660.55,18669.05,18449.7,18540.9,73799835,2142.47
2016-11-24,Thursday,18476,18476.35,18215.8,18256.1,120482500,3662.56
2016-11-25,Friday,18377.55,18546.35,18266.6,18507.3,81089308,2347.44
2016-11-28,Monday,18237.2,18471.65,18187.4,18301.45,106884555,3041.05
2016-11-29,Tuesday,18308.8,18427.4,18188.7,18223.75,81509358,2454.4
2016-11-30,Wednesday,18306.1,18667.85,18262.5,18627.8,89135261,2853.13
2016-12-01,Thursday,18676.75,18713.1,18389.65,18428.45,62882921,1980.14
2016-12-02,Friday,18329.4,18490.5,18163.8,18247.65,84312899,2455.65
2016-12-05,Monday,18245,18434.25,18189.5,18408.9,45765934,1417.16
2016-12-06,Tuesday,18459.7,18499.75,18365.95,18420.9,55031739,1519.75
2016-12-07,Wednesday,18515.5,18588.75,17952.6,18234.15,100890980,2738.11
2016-12-08,Thursday,18342.6,18558.75,18336.95,18515.45,55661159,1715.5
2016-12-09,Friday,18567.95,18739.65,18432.3,18695.8,75645795,2199.26
2016-12-12,Monday,18616.05,18616.05,18364.05,18392.95,53579188,1551.39
2016-12-13,Tuesday,18354.1,18492.85,18291.35,18466.05,54727502,1660.6
2016-12-14,Wednesday,18480.35,18485.45,18322.9,18341.5,56292640,1882.96
2016-12-15,Thursday,18143.5,18532,18122.1,18401.15,82787720,2794.29
2016-12-16,Friday,18417.9,18428.45,18268.3,18312.8,81868151,3056.57
2016-12-19,Monday,18258.1,18316.8,18215.5,18257.05,37244360,1174.33
2016-12-20,Tuesday,18264.1,18274.9,18009.8,18069.4,53850831,1649.45
2016-12-21,Wednesday,18124.6,18167.15,18043.95,18084.5,45881955,1491.46
2016-12-22,Thursday,18027,18029.6,17839.75,17891.45,50280389,1521.6
2016-12-23,Friday,17849.25,17962.3,17819.75,17884,53610316,1594.4
2016-12-26,Monday,17825.5,17860.85,17606.9,17655.55,45887571,1309.95
2016-12-27,Tuesday,17677.7,17907.35,17616.1,17879.55,50265645,1457.14
2016-12-28,Wednesday,17929.2,18059.65,17829.15,17876.7,57498370,1692.18
2016-12-29,Thursday,17861.45,18053.3,17829.4,18033.15,83313390,2141.23
2016-12-30,Friday,18026.35,18245.75,18016.8,18177.2,54349583,1546.86
2017-01-02,Monday,18242.3,18249,17844.9,17969.6,74444730,1857.24
2017-01-03,Tuesday,18002.75,18115.05,17830.95,18035.6,64513818,1769.3
2017-01-04,Wednesday,18037.45,18092.85,17868.9,17891,50508161,1615.85
2017-01-05,Thursday,18000.75,18164.05,17977.8,18115.95,68874940,2271.18
2017-01-06,Friday,18168.45,18325.5,18157.3,18264,65919927,2174.59
2017-01-09,Monday,18314.25,18373.1,18256.15,18286.65,42677260,1404.38
2017-01-10,Tuesday,18351.45,18441.15,18275.75,18409.6,59993426,2012.18
2017-01-11,Wednesday,18535.35,18889.45,18515.25,18830,102842482,3493.47
2017-01-12,Thursday,18885.45,18966.3,18805.85,18873.95,66286062,1982.54
2017-01-13,Friday,18949.7,18952.25,18781.25,18912.1,55762182,1855.3
2017-01-16,Monday,18899.7,19134.5,18865.25,19096.45,59319825,1740.77
2017-01-17,Tuesday,19128.15,19202.25,18981.85,19067.05,63686033,1862.62
2017-01-18,Wednesday,19074.85,19276.5,19072.1,19164.5,56898977,1871.38
2017-01-19,Thursday,19165.35,19185.3,19046.1,19124.25,83679399,2409.78
2017-01-20,Friday,18996.6,19071.65,18793.05,18820.8,110140976,3855.9
2017-01-23,Monday,18762,18909.65,18722.85,18842.7,97144867,3232.45
2017-01-24,Tuesday,18931,19054.3,18906.95,19023.5,81717037,3118.62
2017-01-25,Wednesday,19120.05,19518.45,19114.15,19473.2,131028002,4672.67
2017-01-27,Friday,19588.4,19794.95,19534.9,19708.3,157251635,4654.79
2017-01-30,Monday,19718.8,19767.05,19561.1,19585.25,71178678,2113.37
2017-01-31,Tuesday,19533.2,19624.1,19435.45,19515.15,67343878,2331.66
2017-02-01,Wednesday,19522.4,20047.85,19470.95,20020.6,145906975,4549.85
2017-02-02,Thursday,20053.95,20146.9,19915.2,20070.3,116963782,3279.64
2017-02-03,Friday,20061.9,20229.65,20009.95,20196.8,113714035,3092.66
2017-02-06,Monday,20307.15,20462.45,20298.05,20371.6,99281709,2853.85
2017-02-07,Tuesday,20367.3,20426.95,20281.5,20327.25,109432014,2835.6
2017-02-08,Wednesday,20335.25,20362.8,20070.15,20245.4,85902788,2626.17
2017-02-09,Thursday,20312.65,20406.6,20000.35,20151.15,107559620,2763.25
2017-02-10,Friday,20225.75,20310,20167.1,20213.9,117595817,3354.08
2017-02-13,Monday,20273.65,20308.7,20116.9,20251.8,108967330,3171.01
2017-02-14,Tuesday,20304.5,20314.05,20158.85,20258.1,69832338,2184.7
2017-02-15,Wednesday,20282.1,20368.2,20115.85,20163.7,74195087,2264.21
2017-02-16,Thursday,20243.25,20295.55,20088.2,20243.7,81485552,2495.9
2017-02-17,Friday,20918.45,21042.35,20449.65,20551.35,197061810,17389.12
2017-02-20,Monday,20494.85,20702.6,20472.4,20677.1,66182208,1900.02
2017-02-21,Tuesday,20695.9,20903.35,20619.25,20860.95,74587721,2472.87
2017-02-22,Wednesday,20937.6,20958.25,20829.65,20868.45,92261695,3234.58
2017-02-23,Thursday,20887.65,21011.9,20828.4,20876.65,95406666,4117
2017-02-27,Monday,20853.45,20853.45,20584.75,20613.05,60499704,2147.48
2017-02-28,Tuesday,20632.85,20681.3,20560.6,20607.25,76658515,1994.39
2017-03-01,Wednesday,20698.9,20833.75,20678.75,20783.75,75542256,2221.57
2017-03-02,Thursday,20885,20905,20516.9,20560.05,81044163,2531.48
2017-03-03,Friday,20572.85,20580.45,20423.35,20495.6,53179917,1530.14
2017-03-06,Monday,20548.95,20727.5,20532.2,20663.65,56093806,1770.09
2017-03-07,Tuesday,20685.95,20701.25,20585.95,20627.5,47804156,1672.58
2017-03-08,Wednesday,20630.15,20715.2,20534.25,20676.55,63112788,2417.86
2017-03-09,Thursday,20620.55,20780.25,20603.9,20721.35,59782379,2026.91
2017-03-10,Friday,20825.9,20876.95,20648.8,20727.55,53537238,1964.77
2017-03-14,Tuesday,21189.85,21274.45,21059.7,21102.7,98698328,3498.01
2017-03-15,Wednesday,21089.4,21216.9,21063.95,21157.9,75243419,2391.61
2017-03-16,Thursday,21237.5,21289.8,21194.25,21249.9,73921069,2310.19
2017-03-17,Friday,21308.45,21336.05,21127.95,21175.05,92308641,3726.23
2017-03-20,Monday,21202.55,21202.55,21084.8,21110.25,50376495,1837.69
2017-03-21,Tuesday,21110.65,21146.5,20967,21019,72936344,2481.96
2017-03-22,Wednesday,20815.35,20899,20753.9,20781.35,83727177,3342.31
2017-03-23,Thursday,20848.75,20934.75,20775.35,20895.5,60387250,2370.82
2017-03-24,Friday,20987.6,21174.1,20929.15,21122.55,124797100,3469.38
2017-03-27,Monday,21178.1,21179.2,20979.55,21056.9,97615919,2724.96
2017-03-28,Tuesday,21229,21264.95,21145,21225.4,95258847,3085.11
2017-03-29,Wednesday,21291.45,21418.6,21255.75,21391.15,119195883,3822.73
2017-03-30,Thursday,21374.35,21696,21331.9,21620.7,111132480,4310.1
2017-03-31,Friday,21551.85,21574.15,21414,21444.15,103206746,3006.08
2017-04-03,Monday,21539.2,21565.45,21408.6,21547.75,61067763,1906.61
2017-04-05,Wednesday,21602.2,21699.3,21499.75,21652.7,84599454,2687.88
2017-04-06,Thursday,21572.7,21674,21488.9,21622.95,93689427,3046.09
2017-04-07,Friday,21536.5,21616.85,21397,21431.15,96285404,2249.17
2017-04-10,Monday,21492.05,21552.1,21396.05,21520.15,57491405,1899.75
2017-04-11,Tuesday,21521.45,21753.35,21483.55,21736.15,89433764,2573
2017-04-12,Wednesday,21735.65,21787.1,21551.75,21666.8,78966353,2262.2
2017-04-13,Thursday,21651.25,21758.85,21627,21686.6,71469667,2103.68
2017-04-17,Monday,21700.5,21743.3,21576.75,21647.6,49031440,1613.7
2017-04-18,Tuesday,21706.05,21947,21634.15,21671.85,85174794,2519.03
2017-04-19,Wednesday,21674.1,21706.3,21470.2,21556.35,81449296,2982.23
2017-04-20,Thursday,21419.45,21558.85,21396,21491.4,100132829,4072.58
2017-04-21,Friday,21567.5,21614.55,21386.2,21551.45,77253527,3180.14
2017-04-24,Monday,21591.9,21884.85,21578.65,21857.4,84637572,3426.83
2017-04-25,Tuesday,21960.65,22093.25,21900.3,22054.7,88819491,2951.25
2017-04-26,Wednesday,22158.65,22276.05,21814.9,22242.85,133893025,3440.25
2017-04-27,Thursday,22274.05,22380.85,22169.8,22326.3,166567366,5121.57
2017-04-28,Friday,22296.8,22383,22182.55,22358.25,167782299,3435.87
2017-05-02,Tuesday,22412.55,22492.15,22266.15,22341.35,140738147,3271.81
2017-05-03,Wednesday,22445.85,22449,22240.05,22307.3,130697797,2999.79
2017-05-04,Thursday,22618.3,22743.7,22449.9,22720.1,226413641,6577.31
2017-05-05,Friday,22844.85,22853.55,22514,22604.95,255187439,6371.44
2017-05-08,Monday,22678.45,22835.15,22632.5,22767.35,106479323,3170.57
2017-05-09,Tuesday,22820.8,22835.35,22664.35,22707.3,81028829,2350.68
2017-05-10,Wednesday,22767.75,22859.4,22742.05,22830.35,73498955,2353.34
2017-05-11,Thursday,22916.05,22977.85,22764.65,22818.45,78856978,2557.6
2017-05-12,Friday,22840.4,22859.15,22578,22671.7,96397424,4278.32
2017-05-15,Monday,22735.85,22891.7,22730.35,22821.5,74700041,3207.83
2017-05-16,Tuesday,22857.6,22944.1,22727.65,22928.6,134784390,3836.41
2017-05-17,Wednesday,22972.35,22978.15,22830.1,22935.95,96263996,3028.04
2017-05-18,Thursday,22750.45,22834.55,22660.2,22698.6,113423012,4013.89
2017-05-19,Friday,22761.95,22902.25,22628.45,22769.8,154944222,4945.9
2017-05-22,Monday,22874.8,22918.35,22637.75,22652.85,99779442,3093.31
2017-05-23,Tuesday,22674.9,22740.4,22492.2,22582.8,114212196,3364.36
2017-05-24,Wednesday,22624.5,22673.4,22469.8,22536.3,91993332,2841.15
2017-05-25,Thursday,22573.65,23267.8,22570.35,23190.8,132711087,4830.6
2017-05-26,Friday,23151.4,23408.35,23092.35,23362.2,78876968,2631.64
2017-05-29,Monday,23310.6,23464,23141.15,23182.75,60052384,2070.83
2017-05-30,Tuesday,23142.1,23337.15,23093.95,23307.25,66704876,2050.67
2017-05-31,Wednesday,23321.2,23469.45,23248.5,23424.8,182918715,5866.26
2017-06-01,Thursday,23394.1,23396.15,23224.05,23310.15,81509629,2488.5
2017-06-02,Friday,23435.2,23453.3,23308.4,23375.9,67217648,2138.9
2017-06-05,Monday,23397.4,23494.7,23349.95,23459.65,52203667,1832.18
2017-06-06,Tuesday,23523.05,23536.1,23381.7,23416.3,54088336,1892.27
2017-06-07,Wednesday,23482.85,23606.15,23427.55,23567.65,56452419,1793.66
2017-06-08,Thursday,23630.35,23659.1,23514.2,23536.1,64825589,2301.45
2017-06-09,Friday,23483.95,23708.65,23476.85,23690.9,58400790,1946.72
2017-06-12,Monday,23610.15,23630.1,23441.8,23470.45,56374007,1752.71
2017-06-13,Tuesday,23447,23615.2,23446.9,23477.85,47770607,1568.75
2017-06-14,Wednesday,23555.3,23562.8,23399.4,23498.7,81088281,2706.06
2017-06-15,Thursday,23444.7,23473.3,23311.85,23391.75,72763994,2150.2
2017-06-16,Friday,23448.6,23527.65,23391,23502.75,102155200,3301.93
2017-06-19,Monday,23571.35,23806.65,23535.7,23742.15,60483537,2207.29
2017-06-20,Tuesday,23720.6,23760.35,23651.2,23697.95,71814671,2145.64
2017-06-21,Wednesday,23638.15,23760.75,23610.2,23708.75,62327766,1879.19
2017-06-22,Thursday,23716.85,23897.85,23694.15,23736.1,79042264,2671.82
2017-06-23,Friday,23772.3,23786.5,23507.5,23542.75,74946434,2296.54
2017-06-27,Tuesday,23636.95,23640.1,23055.75,23216.25,101336046,3170.71
2017-06-28,Wednesday,23209.55,23322.55,23113.65,23235.85,95524464,3008.65
2017-06-29,Thursday,23312.4,23476,23124.35,23227.3,146858174,4341.23
2017-06-30,Friday,23137.25,23254.1,22996.4,23211.2,70715291,2326.93
2017-07-03,Monday,23240.35,23330.1,23144.3,23272.8,51036105,1729.62
2017-07-04,Tuesday,23325.5,23363.05,23163.7,23214.2,55294067,1740.14
2017-07-05,Wednesday,23241.9,23380.35,23205.55,23352.6,89709252,1863.29
2017-07-06,Thursday,23399.5,23540.15,23369.5,23466.65,130090775,2524.9
2017-07-07,Friday,23463.75,23492.6,23400.6,23449.15,88942526,1922.97
2017-07-10,Monday,23583.25,23964.8,23289.9,23675.05,36606673,704.9
2017-07-11,Tuesday,23744.55,23744.55,23552.6,23584.6,78963065,2486.24
2017-07-12,Wednesday,23623.75,23736.55,23523.65,23695.45,69663347,2115.83
2017-07-13,Thursday,23817.25,23938,23811,23888.65,84983841,3415.57
2017-07-14,Friday,23949.5,23963.65,23755.95,23937.7,71052482,2242.23
2017-07-17,Monday,24011.4,24066.1,23913.65,24015.05,65783041,1947.9
2017-07-18,Tuesday,23958.15,24147.45,23942.1,24022.05,75082364,2216.31
2017-07-19,Wednesday,24069.2,24180.75,24053.7,24152.65,72823157,2589.27
2017-07-20,Thursday,24170.65,24299.6,24170.65,24213.35,91515347,3668.17
2017-07-21,Friday,24231.4,24289.3,24066.9,24257.05,65322497,1978.15
2017-07-24,Monday,24307.7,24460.55,24234.65,24420.85,74481260,3185.24
2017-07-25,Tuesday,24622.9,24624.65,24450.2,24520.7,76545885,2988.16
2017-07-26,Wednesday,24578.15,24720.9,24484.9,24670.7,132701870,4678.1
2017-07-27,Thursday,24857.5,25032.25,24799.4,24922.4,152249420,6518.92
2017-07-28,Friday,24744.55,24859.75,24651.05,24811.3,100038906,4508.13
2017-07-31,Monday,24880.6,25168.1,24828.5,25103.65,130095973,4618.56
2017-08-01,Tuesday,25152.85,25179.5,25000.9,25122.8,71831819,2830.18
2017-08-02,Wednesday,25190.4,25198.8,24926.25,25055.2,86354876,2658.97
2017-08-03,Thursday,25002.85,25005.15,24619.6,24675.05,88206784,2681.36
2017-08-04,Friday,24629.5,24879.7,24591.8,24827.45,67776967,2226.83
2017-08-07,Monday,24854.15,24979.35,24844.45,24906.35,52223527,1703.9
2017-08-08,Tuesday,24942.2,24966.05,24534.35,24599.5,70792652,2438.61
2017-08-09,Wednesday,24519.25,24532.4,24328.1,24374.6,78290219,2396.27
2017-08-10,Thursday,24300.45,24326.9,23822.2,24217.35,87718421,2991.1
2017-08-11,Friday,23958.25,24191.2,23868.3,23985.75,157833300,4723.82
2017-08-14,Monday,24051.05,24212.15,24038.15,24115.75,76330838,2457.95
2017-08-16,Wednesday,24188.75,24461.2,23947.45,24437.7,94859044,3108.17
2017-08-17,Thursday,24495.2,24496.2,24121.55,24237.25,69545034,2126.94
2017-08-18,Friday,24125.3,24130.15,23925.95,24074.45,60046818,1848.07
2017-08-21,Monday,24140.55,24258.95,23882.25,23936.5,69872289,2438.35
2017-08-22,Tuesday,24080.6,24127.45,23852.65,23974.45,70219974,2376.56
2017-08-23,Wednesday,24084.95,24350,24074.15,24316.8,69104870,2237.97
2017-08-24,Thursday,24374.75,24411.05,24224.85,24274.2,72359374,2608.19
2017-08-28,Monday,24351.25,24422.45,24301.35,24377.1,52177374,1685.7
2017-08-29,Tuesday,24302,24320.95,24103.3,24128.95,60922360,1975.39
2017-08-30,Wednesday,24253.05,24384.1,24241.3,24308.7,47423550,1608.21
2017-08-31,Thursday,24354.35,24354.35,24207.7,24318.4,79848731,2870.65
2017-09-01,Friday,24389.2,24494.35,24319.2,24434,66906837,1827.58
2017-09-04,Monday,24456.3,24459.35,24156.4,24236.85,52531466,1554.69
2017-09-05,Tuesday,24272.6,24388.05,24256.3,24328.3,47757761,1582.7
2017-09-06,Wednesday,24192.4,24331.3,24151.1,24279.15,59006554,1996.25
2017-09-07,Thursday,24324.85,24413.1,24246.9,24304.9,69696218,2419.01
2017-09-08,Friday,24409.5,24419.25,24273,24370.8,47085077,1785.72
2017-09-11,Monday,24468.5,24735.35,24458.25,24672.25,60804947,2973.08
2017-09-12,Tuesday,24779.15,24821.35,24653.6,24784.7,66927717,2387.58
2017-09-13,Wednesday,24818.35,24948.8,24737.8,24831.8,68334647,2053.95
2017-09-14,Thursday,24857.25,24994.3,24815.5,24912.25,77726236,2746.95
2017-09-15,Friday,24840.3,24916.85,24791.55,24844.3,114568146,3754.49
2017-09-18,Monday,24948.15,25105.35,24941.75,25046.9,65913355,2319.84
2017-09-19,Tuesday,25059.75,25103.45,24993,25041.55,60118203,1863.2
2017-09-20,Wednesday,24984.65,25052.6,24938.3,24965.05,87376241,2610.17
2017-09-21,Thursday,24934.1,24992.5,24706.45,24799.25,72279851,2145.8
2017-09-22,Friday,24704.55,24709.7,24340,24368.85,91287072,2875.23
2017-09-25,Monday,24361.55,24363.8,24015.45,24165.05,92662078,3078.06
2017-09-26,Tuesday,24105.6,24236.95,24017.4,24199.15,66244294,2220.85
2017-09-27,Wednesday,24308.7,24331.85,23766.6,23812.95,80405424,2548.12
2017-09-28,Thursday,23804.05,24074.2,23611.1,24008.15,136679326,5130.27
2017-09-29,Friday,24114,24227.45,24004.8,24053,71703679,2472.66
2017-10-03,Tuesday,24200.6,24226.8,24007.25,24103.4,66828025,2261.64
2017-10-04,Wednesday,24124.15,24230.45,24058.65,24113.3,61740801,2015.35
2017-10-05,Thursday,24114.75,24188.3,24033.35,24058.05,67125178,2146.7
2017-10-06,Friday,24083.55,24242.05,24074.35,24190,84205169,2506.11
2017-10-09,Monday,24209.55,24311.1,24156.05,24251.9,66557307,1901.84
2017-10-10,Tuesday,24304.8,24379.75,24273.65,24347.45,62757458,1937.3
2017-10-11,Wednesday,24411.45,24460.25,24054.25,24107.45,75494487,2241.67
2017-10-12,Thursday,24151.45,24393.4,23978.4,24361.25,73274598,2349
2017-10-13,Friday,24411.1,24779.75,24387.8,24689.15,89300075,2661.99
2017-10-16,Monday,24815.4,24878.65,24516.55,24703.05,118314121,3043.5
2017-10-17,Tuesday,24697.25,24809.15,24571.85,24645.6,-,-
2017-10-18,Wednesday,24354.75,24454.65,24270.05,24313.75,161557992,5266.25
2017-10-19,Thursday,24238.4,24255.3,23923.7,24009.75,-,-
2017-10-23,Monday,24085.45,24151,23912.55,24088.9,97553776,3190.93
2017-10-24,Tuesday,24141.95,24293.25,24032.65,24222.15,111802359,3651.65
2017-10-25,Wednesday,24980.65,25157.8,24560.75,25035.9,855272765,24451.16
2017-10-26,Thursday,24953.95,25186.05,24864.6,25022.2,432393230,13581.88
2017-10-27,Friday,24887.6,24995.7,24798.65,24839.55,237949256,7212.61
2017-10-30,Monday,24873.65,25064.85,24808.55,24988.55,186719253,5431.39
2017-10-31,Tuesday,25042.1,25078.65,24948.1,25019.35,156985664,5192.78
2017-11-01,Wednesday,25197.3,25549.35,25171.75,25490.45,210657047,5748.96
2017-11-02,Thursday,25508.4,25598.75,25405.5,25427.3,141562948,3892.7
2017-11-03,Friday,25531.4,25695.5,25394.95,25650.7,209613852,5690.55
2017-11-06,Monday,25569,25694.6,25529.5,25571.15,113274004,3522.05
2017-11-07,Tuesday,25669.1,25695.75,25248.95,25300.8,142004765,4339.06
2017-11-08,Wednesday,25375.8,25435.6,25119.5,25184.35,129898237,4361.33
2017-11-09,Thursday,25281,25385.2,25166.15,25291.35,107367752,3437.47
2017-11-10,Friday,25250.9,25598.55,25237.2,25498.95,194999284,6170.67
2017-11-13,Monday,25570.25,25611.55,25337.25,25358.3,128569682,4353.19
2017-11-14,Tuesday,25352.55,25404.8,25223.1,25284.6,109491821,3473.83
2017-11-15,Wednesday,25241.65,25318.05,25166.35,25218.9,129989778,3765.7
2017-11-16,Thursday,25292.9,25496.05,25273.7,25446.6,109711080,3078.71
2017-11-17,Friday,25875.7,25924.9,25679.55,25728.4,151001517,4336.13
2017-11-20,Monday,25733.7,25803.15,25681.7,25768.6,84963946,2806.98
2017-11-21,Tuesday,25829.3,25871.1,25726.5,25757.5,90303101,2801.27
2017-11-22,Wednesday,25805.65,25831.95,25665.85,25766.65,102044483,3098.39
2017-11-23,Thursday,25826.3,25838.55,25620.95,25736.25,79020195,2607.45
2017-11-24,Friday,25776.6,25849,25749.1,25779.65,70107830,2198.91
2017-11-27,Monday,25693.05,25931.85,25673.5,25891.95,74084777,2335.02
2017-11-28,Tuesday,25830.45,25953.5,25795.5,25846.4,84399131,2848.45
2017-11-29,Wednesday,25829.65,25877.75,25746.8,25795.7,74982549,2328.48
2017-11-30,Thursday,25693.8,25700.85,25246.85,25332.4,141631632,4652.64
2017-12-01,Friday,25409.55,25441.35,25152.65,25191.95,87545844,2616.4
2017-12-04,Monday,25295.05,25297.2,24993.35,25075.1,75646330,2245.68
2017-12-05,Tuesday,25030.75,25217.7,24921.3,25124.85,85698111,2548.03
2017-12-06,Wednesday,25066.3,25077.45,24813.6,24851.8,72791908,2305.27
2017-12-07,Thursday,24935.3,25097.4,24875.35,25057.25,60226256,1861.55
2017-12-08,Friday,25145.5,25367.7,25145.5,25321.15,74109991,2643.7
2017-12-11,Monday,25434.75,25448.85,25318.7,25404.85,57217432,1831.26
2017-12-12,Tuesday,25413.4,25416.2,25108.6,25125.45,81540197,2547.35
2017-12-13,Wednesday,25118.2,25270.75,24938.55,25000.35,86127346,2666.3
2017-12-14,Thursday,25062.4,25205.9,24888.65,25168.2,78224367,2334.37
2017-12-15,Friday,25487.15,25559.05,25411.25,25440.3,117591365,4853.16
2017-12-18,Monday,25181.75,25759.9,24617.15,25594.55,139126828,4276.89
2017-12-19,Tuesday,25640.9,25757.95,25619.6,25716.2,79480979,2425.56
2017-12-20,Wednesday,25779.05,25780.05,25566.05,25591.7,119152801,3314.47
2017-12-21,Thursday,25608.25,25629.95,25508.9,25554.3,76744356,2385.9
2017-12-22,Friday,25615.6,25694.5,25560.5,25648.55,83031068,2348.24
2017-12-26,Tuesday,25659.75,25712.95,25545.6,25675.25,60209393,2051.24
2017-12-27,Wednesday,25652.85,25733.2,25429.55,25496.05,73081341,2086.71
2017-12-28,Thursday,25463.6,25561.95,25417.4,25490,111429897,3447.81
2017-12-29,Friday,25484.85,25566.4,25450.25,25539.45,65580984,2235.28
2018-01-01,Monday,25565.75,25588,25271.55,25318.1,57576913,2037.55
2018-01-02,Tuesday,25382.2,25425.5,25232.8,25338.25,72033811,2270.36
2018-01-03,Wednesday,25425.75,25454.9,25300.9,25318.6,59730356,1958.21
2018-01-04,Thursday,25367.65,25490.35,25310.3,25462.6,105995860,2646.62
2018-01-05,Friday,25524.45,25643.35,25499.55,25601.85,123622612,3188.08
2018-01-08,Monday,25690.25,25771.5,25643.8,25676.1,127527935,2727.53
2018-01-09,Tuesday,25727.95,25803.8,25617.25,25703.8,101820385,2617.13
2018-01-10,Wednesday,25709.9,25717.6,25527.5,25617.3,81094270,2168.32
2018-01-11,Thursday,25628.2,25694.65,25532.25,25660.9,122695505,2960.91
2018-01-12,Friday,25732.4,25775.15,25557.6,25749.05,110836433,2926.84
2018-01-15,Monday,25858.15,26091.8,25842.95,26069.2,192163936,4226.08
2018-01-16,Tuesday,26129.15,26136.4,25931.7,25974.9,169867241,3770.65
2018-01-17,Wednesday,25946.15,26335.85,25922.3,26289.1,172092208,4554.66
2018-01-18,Thursday,26762.25,26887.65,26423.75,26537.4,224021671,7050.86
2018-01-19,Friday,26615.65,26957.85,26433.55,26909.5,134390957,4160.2
2018-01-22,Monday,26940.5,27074.9,26841.2,27041.2,113869602,4222.79
2018-01-23,Tuesday,27089.95,27422.05,27066.15,27390.6,169332288,5229.45
2018-01-24,Wednesday,27310.15,27479.25,27219.45,27398.55,174331160,4734.19
2018-01-25,Thursday,27414.1,27522.85,27151.75,27445.65,193342305,6057.2
2018-01-29,Monday,27446.1,27652.05,27407.4,27498.45,114099251,3779.23
2018-01-30,Tuesday,27466.85,27470.25,27242.05,27269.05,111009534,3453.72
2018-01-31,Wednesday,27136.25,27455.75,27116.95,27379.45,109507598,3640.41
2018-02-01,Thursday,27334.85,27613.5,27046.35,27220.7,131188028,4790.53
2018-02-02,Friday,27017.4,27017.55,26364.05,26451.15,147521488,4330.16
2018-02-05,Monday,25968.15,26215.1,25917.55,26098.75,122729724,3842.46
2018-02-06,Tuesday,25140.1,26140.6,25023.85,25811.3,153713739,4777.31
2018-02-07,Wednesday,26065.4,26078.4,25558.05,25670,121038215,3663.61
2018-02-08,Thursday,25759.85,26126.4,25637.4,25920.65,91011548,2686.18
2018-02-09,Friday,25466.3,25598.3,25371,25463.65,75985052,2520.27
2018-02-12,Monday,25530.1,25757.85,25485.4,25701.6,161180184,4127.51
2018-02-14,Wednesday,25810.25,25810.25,25212.35,25341.25,197286979,4757.09
2018-02-15,Thursday,25360.9,25615.15,25295.15,25424.35,291475391,6015.58
2018-02-16,Friday,25511.95,25601,25100.9,25163.9,278142760,5275.87
2018-02-19,Monday,25324.6,25326.05,24824.55,25058.55,273464127,5217.27
2018-02-20,Tuesday,25105.55,25158.1,24829,24874.4,258222746,4721.89
2018-02-21,Wednesday,24996.6,24999.7,24796.35,24936.7,152405865,3527.6
2018-02-22,Thursday,24812.7,24987.05,24781.7,24955.2,167442673,4865.92
2018-02-23,Friday,25002.25,25345.15,24962.85,25302.5,127862871,2800.1
2018-02-26,Monday,25452,25722.15,25381.2,25687.9,110903837,2678.89
