2015-01-01,Thursday,8272.8,8294.7,8248.75,8284,56560411,2321.88
2015-01-02,Friday,8288.7,8410.6,8288.7,8395.45,101887024,4715.72
2015-01-05,Monday,8407.95,8445.6,8363.9,8378.4,118160545,5525.52
2015-01-06,Tuesday,8325.3,8327.85,8111.35,8127.35,172799618,8089.19
2015-01-07,Wednesday,8118.65,8151.2,8065.45,8102.1,164075424,7464.33
2015-01-08,Thursday,8191.4,8243.5,8167.3,8234.6,143802802,8147.4
2015-01-09,Friday,8285.45,8303.3,8190.8,8284.5,152612528,9305.95
2015-01-12,Monday,8291.35,8332.6,8245.6,8323,103153908,5437.76
2015-01-13,Tuesday,8346.15,8356.65,8267.9,8299.4,129561892,6499.2
2015-01-14,Wednesday,8307.25,8326.45,8236.65,8277.55,150621631,7020.91
2015-01-15,Thursday,8424.5,8527.1,8380.55,8494.15,232138802,10725.62
2015-01-16,Friday,8504.05,8530.75,8452.25,8513.8,181365905,8690.54
2015-01-19,Monday,8550.05,8570.95,8531.5,8550.7,129346422,6292.59
2015-01-20,Tuesday,8575.1,8707.9,8574.5,8695.6,158713840,7838.19
2015-01-21,Wednesday,8719.65,8741.85,8689.6,8729.5,191651012,9735.99
2015-01-22,Thursday,8745.85,8774.15,8727,8761.4,180912372,9025.95
2015-01-23,Friday,8827.95,8866.4,8795.4,8835.6,197124706,9716.57
2015-01-27,Tuesday,8871.35,8925.05,8825.45,8910.5,192010521,9988.36
2015-01-28,Wednesday,8902.75,8985.05,8874.05,8914.3,190805926,10313.46
2015-01-29,Thursday,8901.5,8966.65,8861.25,8952.35,264245843,13427.54
2015-01-30,Friday,8996.6,8996.6,8775.1,8808.9,275587957,12385.18
2015-02-02,Monday,8802.5,8840.8,8751.1,8797.4,216556534,10430.34
2015-02-03,Tuesday,8823.15,8837.3,8726.65,8756.55,208672175,9888.1
2015-02-04,Wednesday,8789.15,8792.85,8704.4,8723.7,201252375,8707.82
2015-02-05,Thursday,8733.1,8838.45,8683.65,8711.7,179008853,9126.1
2015-02-06,Friday,8696.85,8726.2,8645.55,8661.05,176554075,7912.1
2015-02-09,Monday,8584.4,8605.55,8516.35,8526.35,151329604,6863.17
2015-02-10,Tuesday,8478.1,8646.25,8470.5,8565.55,202294693,9965.76
2015-02-11,Wednesday,8603.3,8651.95,8593.65,8627.4,166560867,7602.46
2015-02-12,Thursday,8676.95,8732.55,8599.25,8711.55,163681352,7669.87
2015-02-13,Friday,8741.5,8822.1,8729.65,8805.5,228807812,10248.41
2015-02-16,Monday,8831.4,8870.1,8793.4,8809.35,140637331,7047.32
2015-02-18,Wednesday,8811.55,8894.3,8808.9,8869.1,152152801,10153.74
2015-02-19,Thursday,8883.05,8913.45,8794.45,8895.3,219867400,9794.26
2015-02-20,Friday,8895.5,8899.95,8816.3,8833.6,203714864,8193.56
2015-02-23,Monday,8856.85,8869,8736.1,8754.95,143932325,7171.05
2015-02-24,Tuesday,8772.9,8800.5,8726.75,8762.1,154368611,7413.31
2015-02-25,Wednesday,8801.9,8840.65,8751.4,8767.25,139406599,6986.78
2015-02-26,Thursday,8779,8786.05,8669.45,8683.85,224185492,10531.16
2015-02-27,Friday,8729.5,8856.95,8717.45,8844.6,257226273,11924.49
2015-02-28,Saturday,8913.05,8941.1,8751.35,8901.85,246453954,10064.41
2015-03-02,Monday,8953.85,8972.35,8885.45,8956.75,224772586,11525.5
2015-03-03,Tuesday,8962.85,9008.4,8925.55,8996.25,183251960,9033.61
2015-03-04,Wednesday,9109.15,9119.2,8893.95,8922.65,256060375,12130.98
2015-03-05,Thursday,8929.4,8957.55,8849.35,8937.75,165081476,8250.55
2015-03-09,Monday,8891.15,8891.3,8740.45,8756.75,160332840,8132.43
2015-03-10,Tuesday,8769.75,8778,8677.35,8712.05,168916337,8402.33
2015-03-11,Wednesday,8728.75,8755.6,8682.35,8699.95,178053293,8259.67
2015-03-12,Thursday,8740.65,8787.2,8732.9,8776,179337979,8184.46
2015-03-13,Friday,8844.05,8849.75,8631.75,8647.75,184665971,8121.26
2015-03-16,Monday,8656.75,8663.55,8612,8633.15,168438040,7559.94
2015-03-17,Tuesday,8689.1,8742.55,8630.8,8723.3,182504639,8086.26
2015-03-18,Wednesday,8742.9,8747.25,8664,8685.9,161153533,8227.5
2015-03-19,Thursday,8749.45,8788.2,8614.65,8634.65,168628424,8460.35
2015-03-20,Friday,8627.9,8627.9,8553,8570.9,179982752,8484.23
2015-03-23,Monday,8591.55,8608.35,8540.55,8550.9,155425780,6195.45
2015-03-24,Tuesday,8537.05,8627.75,8535.85,8542.95,161465466,7913.26
2015-03-25,Wednesday,8568.9,8573.75,8516.55,8530.8,165952155,8200.05
2015-03-26,Thursday,8474.95,8499.45,8325.35,8342.15,288758332,13667.31
2015-03-27,Friday,8396,8413.2,8269.15,8341.4,198979321,9528.86
2015-03-30,Monday,8390.95,8504.55,8380.75,8492.3,142061290,6713.2
2015-03-31,Tuesday,8527.6,8550.45,8454.15,8491,177059509,8108.36
2015-04-01,Wednesday,8483.7,8603.4,8464.75,8586.25,136312446,6863.03
2015-04-06,Monday,8615.8,8667.55,8573.75,8659.9,150877855,7633
2015-04-07,Tuesday,8684.45,8693.6,8586.85,8660.3,141765381,7287.01
2015-04-08,Wednesday,8698.95,8730.5,8679.8,8714.4,149617725,7889.65
2015-04-09,Thursday,8756.2,8785.5,8682.45,8778.3,158192905,8391.19
2015-04-10,Friday,8774.35,8787.4,8733.6,8780.35,141464357,7119.96
2015-04-13,Monday,8801.75,8841.65,8762.1,8834,122833397,6242.71
2015-04-15,Wednesday,8844.75,8844.8,8722.4,8750.2,170458015,8908.26
2015-04-16,Thursday,8757.05,8760,8645.65,8706.7,149337173,8268.33
2015-04-17,Friday,8698.05,8699.85,8596.7,8606,155474164,9134.37
2015-04-20,Monday,8618.8,8619.95,8422.75,8448.1,154492312,8930.38
2015-04-21,Tuesday,8416.1,8469.35,8352.7,8377.75,418959074,32873.45
2015-04-22,Wednesday,8400.4,8449.95,8284.7,8429.7,176926942,10002.48
2015-04-23,Thursday,8478.2,8504.95,8361.85,8398.3,169840748,9801.34
2015-04-24,Friday,8405.7,8413.3,8273.35,8305.25,177843969,10984.24
2015-04-27,Monday,8330.55,8334.45,8202.35,8213.8,174706337,10143.36
2015-04-28,Tuesday,8215.55,8308,8185.15,8285.6,183754628,9560.13
2015-04-29,Wednesday,8274.8,8308.2,8219.2,8239.75,174958511,8571.95
2015-04-30,Thursday,8224.5,8229.4,8144.75,8181.5,281696257,14755.35
2015-05-04,Monday,8230.05,8346,8220.45,8331.95,136913823,7856.18
2015-05-05,Tuesday,8338.4,8355.65,8280.6,8324.8,156019941,8138.54
2015-05-06,Wednesday,8316.6,8331.95,8083,8097,212509839,10894.12
2015-05-07,Thursday,8077,8122.6,7997.15,8057.3,166563657,8443.96
2015-05-08,Friday,8131.5,8224.95,8123.45,8191.5,188776090,8961.33
2015-05-11,Monday,8243.2,8332.75,8224.65,8325.25,197882948,8396.12
2015-05-12,Tuesday,8326.15,8326.65,8115.3,8126.95,178753978,8779.53
2015-05-13,Wednesday,8181.55,8254.95,8089.8,8235.45,175015183,8391.93
2015-05-14,Thursday,8232.45,8236.25,8137.3,8224.2,138964395,6763.72
2015-05-15,Friday,8240.3,8279.2,8212.2,8262.35,133838055,6463.64
2015-05-18,Monday,8284.95,8384.6,8271.95,8373.65,153340463,7459.18
2015-05-19,Tuesday,8356.2,8427.8,8335,8365.65,144642344,7266.52
2015-05-20,Wednesday,8392.65,8440.35,8391.45,8423.25,127388797,6151.44
2015-05-21,Thursday,8434.5,8446.35,8382.5,8421,148189485,7641.6
2015-05-22,Friday,8432.5,8489.55,8420.6,8458.95,193080657,8261.69
2015-05-25,Monday,8438.15,8441.95,8364.15,8370.25,125051166,5555.29
2015-05-26,Tuesday,8377.1,8378.9,8320.05,8339.35,120428892,5908.3
2015-05-27,Wednesday,8302.75,8342.85,8277.95,8334.6,170583401,8131.59
2015-05-28,Thursday,8345.7,8364.5,8270.15,8319,239549060,11449.91
2015-05-29,Friday,8327.1,8443.9,8305.7,8433.65,375232198,20736.2
2015-06-01,Monday,8417.25,8467.15,8405.4,8433.4,125990614,7254.01
2015-06-02,Tuesday,8442.8,8445.35,8226.05,8236.45,151337661,8083.17
2015-06-03,Wednesday,8232.45,8236.7,8094.15,8135.1,176661646,7920.26
2015-06-04,Thursday,8155.15,8160.05,8056.75,8130.65,159470840,7560.49
2015-06-05,Friday,8119.15,8191,8100.15,8114.7,167055308,7588.4
2015-06-08,Monday,8124.35,8131,8030.55,8044.15,140075743,6230.61
2015-06-09,Tuesday,8026.5,8057.15,8005.15,8022.4,140217686,6442.05
2015-06-10,Wednesday,8024.15,8152.25,8023.8,8124.45,141030200,6790.27
2015-06-11,Thursday,8157.3,8163.05,7958.25,7965.35,171348959,7868.44
2015-06-12,Friday,7959.85,7995.6,7940.3,7982.9,140839875,6737.25
2015-06-15,Monday,7986.6,8057.7,7944.85,8013.9,137116389,6129.12
2015-06-16,Tuesday,8004.2,8061.85,7952.35,8047.3,127809460,5923.8
2015-06-17,Wednesday,8084.2,8136.85,8048.95,8091.55,157205716,7878.66
2015-06-18,Thursday,8113.7,8186.9,8101.8,8174.6,149266110,7767.77
2015-06-19,Friday,8201.15,8250.8,8195.65,8224.95,151575997,7722.05
2015-06-22,Monday,8259.3,8369.45,8257.4,8353.1,126542473,6163.02
2015-06-23,Tuesday,8377.45,8398.45,8334.95,8381.55,135844708,6437.33
2015-06-24,Wednesday,8399.4,8421.35,8338.9,8360.85,134062733,7175.22
2015-06-25,Thursday,8336.25,8423.15,8329.5,8398,207421340,9911.16
2015-06-26,Friday,8393.95,8408.55,8339.7,8381.1,113959476,5848.78
2015-06-29,Monday,8247.05,8329.45,8195.65,8318.4,136106699,6604.12
2015-06-30,Tuesday,8316.35,8378,8298.95,8368.5,163366250,8425.52
2015-07-01,Wednesday,8376.25,8481.6,8370.15,8453.05,135887471,6938.05
2015-07-02,Thursday,8471.95,8479.25,8433.2,8444.9,115472141,6065.26
2015-07-03,Friday,8440.1,8497.75,8424.15,8484.9,91142979,4983.21
2015-07-06,Monday,8386.15,8533.15,8386.15,8522.15,104578132,5517.86
2015-07-07,Tuesday,8525.5,8561.35,8483.85,8510.8,126038231,6054.41
2015-07-08,Wednesday,8439.2,8457.5,8341.4,8363.05,193886999,8876.81
2015-07-09,Thursday,8364.85,8400.3,8323,8328.55,135358659,6610.4
2015-07-10,Friday,8365.7,8377.1,8315.4,8360.55,158883926,8128.47
2015-07-13,Monday,8397.25,8471.65,8355.4,8459.65,121380175,6506.28
2015-07-14,Tuesday,8470.6,8480.25,8424.1,8454.1,104893796,5454.41
2015-07-15,Wednesday,8463.4,8531.4,8462.95,8523.8,108835522,5805.53
2015-07-16,Thursday,8546.15,8616.1,8542.9,8608.05,119637042,6544.15
2015-07-17,Friday,8623.65,8642.95,8593.15,8609.85,108190401,5713.13
2015-07-20,Monday,8623.9,8624.1,8559,8603.45,93439295,5107.62
2015-07-21,Tuesday,8601.5,8646.75,8517.9,8529.45,169151098,10699.52
2015-07-22,Wednesday,8512.25,8643.9,8498.65,8633.5,141018383,7427.34
2015-07-23,Thursday,8643.95,8654.75,8573.8,8589.8,136962516,7747.81
2015-07-24,Friday,8588.15,8589.15,8513.5,8521.55,131344832,6942.22
2015-07-27,Monday,8492.1,8492.2,8351.55,8361,140828066,7353.09
2015-07-28,Tuesday,8371.1,8397.4,8321.75,8337,179983810,8403.15
2015-07-29,Wednesday,8365.6,8381.5,8338.45,8375.05,145399010,7232.34
2015-07-30,Thursday,8417,8458.9,8408.3,8421.8,221939186,10007.3
2015-07-31,Friday,8456.1,8548.95,8448,8532.85,209629301,9522.19
2015-08-03,Monday,8510.65,8563.95,8508.1,8543.05,161485758,7738.1
2015-08-04,Tuesday,8564.1,8565.15,8448.25,8516.9,193226091,9003.82
2015-08-05,Wednesday,8547.45,8591.85,8545.85,8567.95,136948290,6434.82
2015-08-06,Thursday,8585.8,8606.3,8551.5,8588.65,139116393,6595.25
2015-08-07,Friday,8580.8,8595.95,8552.7,8564.6,148073594,6528.28
2015-08-10,Monday,8577,8621.55,8497.8,8525.6,127194886,5780.49
2015-08-11,Tuesday,8548.45,8556.25,8441.3,8462.35,159192694,7049.29
2015-08-12,Wednesday,8445.7,8446.95,8337.95,8349.45,195904304,8630.35
2015-08-13,Thursday,8384.45,8429.5,8339.75,8355.85,195079107,7840.58
2015-08-14,Friday,8402.35,8530.1,8381.2,8518.55,160680260,7090.58
2015-08-17,Monday,8530.5,8530.6,8428.05,8477.3,180083830,6543.01
2015-08-18,Tuesday,8505.85,8525.75,8433.6,8466.55,157991554,6501.24
2015-08-19,Wednesday,8468.05,8520.45,8425.95,8495.15,134512114,6338.67
2015-08-20,Thursday,8471.05,8501.35,8359.75,8372.75,189841783,9193.19
2015-08-21,Friday,8305.4,8322.2,8225.05,8299.95,207542070,9606.33
2015-08-24,Monday,8055.95,8060.05,7769.4,7809,322096413,13856.66
2015-08-25,Tuesday,7895.4,7925.4,7667.25,7880.7,308255265,13420.76
2015-08-26,Wednesday,7865.25,7930.05,7777.1,7791.85,223261362,10207.56
2015-08-27,Thursday,7921.6,7963.6,7862.3,7948.95,314422773,14282.73
2015-08-28,Friday,8053.7,8091.8,7961.65,8001.95,201572450,8641.87
2015-08-31,Monday,8009.25,8043.6,7947.95,7971.3,204254629,9547.7
2015-09-01,Tuesday,7907.95,7929.1,7746.5,7785.85,190581167,8633.26
2015-09-02,Wednesday,7856.65,7862.55,7699.25,7717,222003483,9794.29
2015-09-03,Thursday,7774.45,7845.6,7754.05,7823,160609681,7060.37
2015-09-04,Friday,7803.4,7804.9,7626.85,7655.05,199569987,8200.69
2015-09-07,Monday,7685.85,7705.05,7545.9,7558.8,145763902,5768.15
2015-09-08,Tuesday,7587.7,7720.9,7539.5,7688.25,177514609,7380.17
2015-09-09,Wednesday,7805.85,7846.05,7764.55,7818.6,214842731,8550.1
2015-09-10,Thursday,7729.05,7819.85,7678.5,7788.1,165313439,6992.42
2015-09-11,Friday,7833.8,7864.85,7759.9,7789.3,140576943,6014.16
2015-09-14,Monday,7811.1,7879.95,7761.85,7872.25,126630775,5277.75
2015-09-15,Tuesday,7867.35,7880,7799.75,7829.1,140722007,6252.35
2015-09-16,Wednesday,7886.85,7913.9,7853.3,7899.15,144331414,6650.61
2015-09-18,Friday,7967.45,8055,7955.85,7981.9,249313429,11328.64
2015-09-21,Monday,7911.5,7987.9,7908.35,7977.1,125628591,5482.45
2015-09-22,Tuesday,8014.8,8021.6,7787.75,7812,173569429,7887.06
2015-09-23,Wednesday,7737.35,7882.9,7723.25,7845.95,151196367,6869.26
2015-09-24,Thursday,7838.4,7894.5,7804.1,7868.5,208766516,9732.18
2015-09-28,Monday,7892.8,7893.95,7787.95,7795.7,140480206,7120.05
2015-09-29,Tuesday,7725.7,7926.55,7691.2,7843.3,248106979,11184.67
2015-09-30,Wednesday,7924.25,7957.7,7874.5,7948.9,217187896,9981.56
2015-10-01,Thursday,7992.05,8008.25,7930.65,7950.9,161809883,8896.78
2015-10-05,Monday,8005.1,8128.9,8005.1,8119.3,188830270,9589.63
2015-10-06,Tuesday,8180.45,8180.95,8096.5,8152.9,184037905,8461.64
2015-10-07,Wednesday,8146.2,8188.9,8132.9,8177.4,199911165,7894.19
2015-10-08,Thursday,8196.75,8196.75,8105.85,8129.35,177030502,7837.16
2015-10-09,Friday,8186.35,8232.2,8139.65,8189.7,205859184,7960.62
2015-10-12,Monday,8231.5,8244.5,8128.2,8143.6,205255913,7604.3
2015-10-13,Tuesday,8121.95,8150.25,8088.6,8131.7,150431773,6877.36
2015-10-14,Wednesday,8102.4,8139.3,8096.35,8107.9,143158108,6607.21
2015-10-15,Thursday,8134.35,8190.55,8129.8,8179.5,172429864,7625.17
2015-10-16,Friday,8193.65,8246.4,8147.65,8238.15,161153559,6956.78
2015-10-19,Monday,8262.55,8283.05,8239.2,8275.05,128300205,6880.43
2015-10-20,Tuesday,8280.3,8294.05,8229.2,8261.65,159947752,7661.53
2015-10-21,Wednesday,8258.35,8294.4,8217.15,8251.7,149270047,6689.35
2015-10-23,Friday,8308.25,8328.1,8280.75,8295.45,156664310,7466.28
2015-10-26,Monday,8333.65,8336.3,8252.05,8260.55,138006303,6799.49
2015-10-27,Tuesday,8230.35,8241.95,8217.05,8232.9,161493491,8271.49
2015-10-28,Wednesday,8188.9,8209.1,8131.8,8171.2,194708669,9131.44
2015-10-29,Thursday,8175.45,8179.6,8098,8111.75,224234135,10569.95
2015-10-30,Friday,8123.55,8146.1,8044.4,8065.8,205663493,9218.39
2015-11-02,Monday,8054.55,8060.7,7995.6,8050.8,140323983,6552.67
2015-11-03,Tuesday,8086.35,8100.35,8031.75,8060.7,136625382,5955.64
2015-11-04,Wednesday,8104.9,8116.1,8027.3,8040.2,125935846,5696.01
2015-11-05,Thursday,8030.35,8031.2,7944.1,7955.45,136223827,6001.38
2015-11-06,Friday,7956.55,8002.65,7926.15,7954.3,226329409,8771.77
2015-11-09,Monday,7788.25,7937.75,7771.7,7915.2,218422388,9376.17
2015-11-10,Tuesday,7877.6,7885.1,7772.85,7783.35,170267413,7153.47
2015-11-11,Wednesday,7838.8,7847.95,7819.1,7825,22380435,1123.44
2015-11-13,Friday,7762.45,7775.1,7730.9,7762.25,165876819,7731.55
2015-11-16,Monday,7732.95,7838.85,7714.15,7806.6,154134885,6871.15
2015-11-17,Tuesday,7848.75,7860.45,7793,7837.55,149451211,6367.14
2015-11-18,Wednesday,7823.15,7843.4,7725.05,7731.8,148037721,6112.32
2015-11-19,Thursday,7788.5,7854.9,7765.45,7842.75,136702518,7410.15
2015-11-20,Friday,7841.9,7906.95,7817.8,7856.55,156610433,7298.01
2015-11-23,Monday,7869.5,7877.5,7825.2,7849.25,130871603,6099.09
2015-11-24,Tuesday,7837,7870.35,7812.65,7831.6,134562905,6686.27
2015-11-26,Thursday,7837.15,7897.1,7832,7883.8,226632193,11054.04
2015-11-27,Friday,7910.6,7959.3,7879.45,7942.7,154863047,7068.72
2015-11-30,Monday,7936.25,7966,7922.8,7935.25,223041699,15368.67
2015-12-01,Tuesday,7958.15,7972.15,7934.15,7954.9,142945421,6796.67
2015-12-02,Wednesday,7976.7,7979.3,7910.8,7931.35,130207404,6242.53
2015-12-03,Thursday,7902.3,7912.3,7853.3,7864.15,129628400,5636.41
2015-12-04,Friday,7817.6,7821.4,7775.7,7781.9,157231681,7758.36
2015-12-07,Monday,7816.55,7825.4,7746.05,7765.4,141893279,6403.97
2015-12-08,Tuesday,7738.5,7771.25,7685.45,7701.7,139318392,5986.06
2015-12-09,Wednesday,7695.5,7702.85,7606.9,7612.5,144315690,6599.6
2015-12-10,Thursday,7643.3,7691.95,7610,7683.3,145249292,6492.02
2015-12-11,Friday,7699.6,7703.05,7575.3,7610.45,172996480,6894.44
2015-12-14,Monday,7558.2,7663.95,7551.05,7650.05,153492615,6290.42
2015-12-15,Tuesday,7659.15,7705,7625.1,7700.9,138479057,6152.14
2015-12-16,Wednesday,7725.25,7776.6,7715.75,7750.9,159149338,6703.76
2015-12-17,Thursday,7783.05,7852.9,7737.55,7844.35,181256780,7367.15
2015-12-18,Friday,7828.9,7836.15,7753.35,7761.95,197319843,8074.5
2015-12-21,Monday,7745.65,7840.75,7733.45,7834.45,130174102,5558.38
2015-12-22,Tuesday,7829.4,7846.3,7776.85,7786.1,129633328,5028.11
2015-12-23,Wednesday,7830.45,7871.45,7826.1,7865.95,121480721,4663.45
2015-12-24,Thursday,7888.75,7888.75,7835.5,7861.05,96374245,3383.99
2015-12-28,Monday,7863.2,7937.2,7863,7925.15,126737811,5755.48
2015-12-29,Tuesday,7929.2,7942.15,7902.75,7928.95,116535971,4950.36
2015-12-30,Wednesday,7938.6,7944.75,7889.85,7896.25,110145855,4392.87
2015-12-31,Thursday,7897.8,7955.55,7891.15,7946.35,155645098,6780.85
2016-01-01,Friday,7938.45,7972.55,7909.8,7963.2,64843836,2613.91
2016-01-04,Monday,7924.55,7937.55,7781.1,7791.3,138864905,5897.08
2016-01-05,Tuesday,7828.4,7831.2,7763.25,7784.65,149672973,5948.51
2016-01-06,Wednesday,7788.05,7800.95,7721.2,7741,151715828,6722.17
2016-01-07,Thursday,7673.35,7674.95,7556.6,7568.3,194732861,7803.21
2016-01-08,Friday,7611.65,7634.1,7581.05,7601.35,162348690,6753.57
2016-01-11,Monday,7527.45,7605.1,7494.35,7563.85,194836791,7327.15
2016-01-12,Tuesday,7587.2,7588.3,7487.8,7510.3,168975973,7071.48
2016-01-13,Wednesday,7557.9,7590.95,7425.8,7562.4,221908258,9585.17
2016-01-14,Thursday,7467.4,7604.8,7443.8,7536.8,206988549,9246.75
2016-01-15,Friday,7561.65,7566.5,7427.3,7437.8,203643071,8279.07
2016-01-18,Monday,7420.35,7463.65,7336.4,7351,240798183,8431.56
2016-01-19,Tuesday,7381.8,7462.75,7364.15,7435.1,194068339,7038.84
2016-01-20,Wednesday,7357,7470.9,7241.5,7309.3,232614141,8794.16
2016-01-21,Thursday,7376.65,7398.7,7250,7276.8,248113284,9401.16
2016-01-22,Friday,7355.7,7433.4,7327.6,7422.45,236282061,7666.39
2016-01-25,Monday,7468.75,7487.15,7421.2,7436.15,168202502,5910.99
2016-01-27,Wednesday,7469.6,7477.9,7419.7,7437.75,193389891,6834.77
2016-01-28,Thursday,7426.5,7468.85,7409.6,7424.65,283036298,10049.88
2016-01-29,Friday,7413.35,7575.65,7402.8,7563.55,307934042,11277.33
2016-02-01,Monday,7589.5,7600.45,7541.25,7555.95,206645021,8209.5
2016-02-02,Tuesday,7566.65,7576.3,7428.05,7455.55,237338907,8030.99
2016-02-03,Wednesday,7392.45,7419.4,7350.3,7361.8,197863301,6748.17
2016-02-04,Thursday,7411.45,7457.05,7365.95,7404,229563364,7465.35
2016-02-05,Friday,7418.25,7503.15,7406.65,7489.1,257518899,8628.24
2016-02-08,Monday,7489.7,7512.55,7363.2,7387.25,176758985,5746.45
2016-02-09,Tuesday,7303.95,7323.45,7275.15,7298.2,218730280,7415.13
2016-02-10,Wednesday,7264.3,7271.85,7177.75,7215.7,254481339,8129.65
2016-02-11,Thursday,7203.6,7208.65,6959.95,6976.35,301302956,9250.27
2016-02-12,Friday,7023.65,7034.8,6869,6980.95,344210729,11062.63
2016-02-15,Monday,7057.35,7182.8,7056.8,7162.95,365217073,10204.34
2016-02-16,Tuesday,7201.25,7204.65,7037.7,7048.25,261607451,7638.39
2016-02-17,Wednesday,7058.85,7123.7,6960.65,7108.45,268017961,7686.32
2016-02-18,Thursday,7177.4,7215.1,7127.85,7191.75,254331498,8051.51
2016-02-19,Friday,7170.55,7226.85,7145.95,7210.75,198206480,6156.58
2016-02-22,Monday,7208.85,7252.4,7200.7,7234.55,159162842,5832.89
2016-02-23,Tuesday,7240.3,7241.7,7090.7,7109.55,200396978,6433.16
2016-02-24,Wednesday,7075,7090.8,7009.75,7018.7,205898417,6497.18
2016-02-25,Thursday,7029.85,7034.2,6961.4,6970.6,291932544,9090.16
2016-02-26,Friday,7039.3,7052.9,6985.1,7029.75,213142575,6880.96
2016-02-29,Monday,7050.45,7094.6,6825.8,6987.05,487969285,15992.15
2016-03-01,Tuesday,7038.25,7235.5,7035.1,7222.3,283561570,9896.58
2016-03-02,Wednesday,7321.7,7380.35,7308.15,7368.85,348965708,10983.06
2016-03-03,Thursday,7429.55,7483.95,7406.05,7475.6,287248532,9255.43
2016-03-04,Friday,7505.4,7505.9,7444.1,7485.35,290441230,8135.06
2016-03-08,Tuesday,7486.4,7527.15,7442.15,7485.3,264945393,8417.86
2016-03-09,Wednesday,7436.1,7539,7424.3,7531.8,252709391,9036.29
2016-03-10,Thursday,7545.35,7547.1,7447.4,7486.15,231584305,8875.92
2016-03-11,Friday,7484.85,7543.95,7460.6,7510.2,204806572,7558.55
2016-03-14,Monday,7542.6,7583.7,7515.05,7538.75,172067214,6330.45
2016-03-15,Tuesday,7535.85,7545.2,7452.8,7460.6,199653871,7577.78
2016-03-16,Wednesday,7457.05,7508,7405.15,7498.75,201430035,7102.59
2016-03-17,Thursday,7557.4,7585.3,7479.4,7512.55,247043954,9539.89
2016-03-18,Friday,7534.65,7613.6,7517.9,7604.35,244727490,9971.59
2016-03-21,Monday,7619.2,7713.55,7617.7,7704.25,202853386,8381.51
2016-03-22,Tuesday,7695.55,7728.2,7643.8,7714.9,215355848,8628.05
2016-03-23,Wednesday,7717.45,7726.85,7670.6,7716.5,205794773,7612.54
2016-03-28,Monday,7741,7749.4,7587.7,7615.1,249905118,10102.36
2016-03-29,Tuesday,7606.55,7652.9,7582.25,7597,223493457,10474.75
2016-03-30,Wednesday,7651.1,7741.95,7643.45,7735.2,239843751,9908.6
2016-03-31,Thursday,7727.65,7777.6,7702,7738.4,391914059,15918.74
2016-04-01,Friday,7718.05,7740.15,7666.1,7713.05,189571551,8118.47
2016-04-04,Monday,7733.15,7764.45,7704.4,7758.8,160277940,6506.44
2016-04-05,Tuesday,7736.3,7736.3,7588.65,7603.2,210126897,8412.34
2016-04-06,Wednesday,7636.05,7638.65,7591.75,7614.35,170653808,6802.69
2016-04-07,Thursday,7630.4,7630.75,7535.85,7546.45,241684050,7709.23
2016-04-08,Friday,7542.35,7569.35,7526.7,7555.2,147816460,5981.23
2016-04-11,Monday,7577.8,7678.8,7516.85,7671.4,185353268,7055.61
2016-04-12,Tuesday,7669.25,7717.4,7663.35,7708.95,168508978,6945.44
2016-04-13,Wednesday,7777.15,7864.8,7772.2,7850.45,227217288,10071.44
2016-04-18,Monday,7908.15,7920.6,7842.75,7914.7,190258561,10356.03
2016-04-20,Wednesday,7950.05,7950.4,7877.55,7914.75,211630060,10069.83
2016-04-21,Thursday,7953.65,7978.45,7884.1,7912.05,230577117,9613.3
2016-04-22,Friday,7891.8,7923.35,7873.35,7899.3,188988540,7714.04
2016-04-25,Monday,7894.8,7911,7827,7855.05,150776959,7362.13
2016-04-26,Tuesday,7828.15,7974.5,7822.55,7962.65,208656803,9686.21
2016-04-27,Wednesday,7942,7991,7940.55,7979.9,213174058,9669.04
2016-04-28,Thursday,7967.4,7992,7834.45,7847.25,301485186,14943.3
2016-04-29,Friday,7844.25,7889.05,7788.7,7849.8,251227047,9872.58
2016-05-02,Monday,7822.7,7829.8,7777.3,7805.9,150818181,6079.16
2016-05-03,Tuesday,7824.8,7890.25,7735.15,7747,192271370,8536.83
2016-05-04,Wednesday,7724.15,7749,7697.25,7706.55,205939089,7816.27
2016-05-05,Thursday,7731,7777.55,7706.85,7735.5,190792828,8089.45
2016-05-06,Friday,7717.65,7738.9,7678.35,7733.45,168662226,6296.51
2016-05-09,Monday,7755.25,7873.65,7753.55,7866.05,165616829,7559.77
2016-05-10,Tuesday,7873.55,7896.9,7837.7,7887.8,166957276,7306.72
2016-05-11,Wednesday,7804.65,7893.1,7780.9,7848.85,220712496,9394.05
2016-05-12,Thursday,7871.45,7916.05,7849.65,7900.4,157444918,7171.91
2016-05-13,Friday,7881,7881,7784.2,7814.9,185061782,10152.08
2016-05-16,Monday,7831.2,7873.9,7772.15,7860.75,211547775,7790.24
2016-05-17,Tuesday,7896.85,7940.1,7879.7,7890.75,189140810,8195.95
2016-05-18,Wednesday,7846.75,7882.05,7810.75,7870.15,161169418,7333.13
2016-05-19,Thursday,7875.5,7876.2,7766.8,7783.4,175711829,7163.38
2016-05-20,Friday,7792.2,7812.4,7735.75,7749.7,161889432,6798.89
2016-05-23,Monday,7813.95,7820.6,7722.2,7731.05,177347948,7141.74
2016-05-24,Tuesday,7738.05,7761.55,7715.8,7748.85,151538169,6119.23
2016-05-25,Wednesday,7811.8,7941.2,7809.3,7934.9,181636649,8202.39
2016-05-26,Thursday,7974.45,8083,7948.5,8069.65,272456307,12422
2016-05-27,Friday,8081.95,8164.2,8077.05,8156.65,268963949,10607.22
2016-05-30,Monday,8166.5,8200,8150.8,8178.5,255086293,9199.38
2016-05-31,Tuesday,8209.85,8213.6,8134.3,8160.1,485645737,21491.53
2016-06-01,Wednesday,8179.2,8215.35,8171.05,8179.95,200371829,8408.53
2016-06-02,Thursday,8156.9,8229.5,8154.75,8218.95,187316365,8389.69
2016-06-03,Friday,8246.2,8262,8209.85,8220.8,390652017,10762.52
2016-06-06,Monday,8228.75,8234.7,8186.05,8201.05,176885226,7657.92
2016-06-07,Tuesday,8235.55,8294.95,8216.4,8266.45,249365706,10462.49
2016-06-08,Wednesday,8285.5,8288.9,8252.05,8273.05,179710369,7614.02
2016-06-09,Thursday,8273.35,8273.35,8184.6,8203.6,180293039,7973.1
2016-06-10,Friday,8180.25,8265.6,8162.85,8170.05,187757375,7853.83
2016-06-13,Monday,8102.25,8125.25,8063.9,8110.6,174916286,7343.99
2016-06-14,Tuesday,8134.4,8134.95,8069.5,8108.85,150042362,6003.23
2016-06-15,Wednesday,8139.4,8213.2,8123.15,8206.6,174953935,6945.89
2016-06-16,Thursday,8180.65,8180.65,8074.45,8140.75,195028743,7764.57
2016-06-17,Friday,8176.65,8195.25,8135.8,8170.2,171842760,7741.9
2016-06-20,Monday,8115.75,8244.15,8107.35,8238.5,173750792,7392.97
2016-06-21,Tuesday,8255.4,8257.25,8202.15,8219.9,141161921,5978.26
2016-06-22,Wednesday,8213.65,8238.35,8153.25,8203.7,140268297,6377.69
2016-06-23,Thursday,8201.15,8285.6,8188.3,8270.45,158852677,6805.86
2016-06-24,Friday,8029.1,8100.7,7927.05,8088.6,306803641,13263.08
2016-06-27,Monday,8039.35,8120.65,8039.35,8094.7,167462711,7614.06
2016-06-28,Tuesday,8096.05,8146.35,8086.85,8127.85,175724276,7777.39
2016-06-29,Wednesday,8173.1,8212.4,8157.65,8204,151499716,6940.87
2016-06-30,Thursday,8260.25,8308.15,8242.1,8287.75,288031935,12346.32
2016-07-01,Friday,8313.05,8356.75,8308.65,8328.35,170581881,7358.38
2016-07-04,Monday,8376.75,8398.45,8364.7,8370.7,158955823,6662.92
2016-07-05,Tuesday,8379.3,8381.45,8319.95,8335.95,143253937,5976.01
2016-07-07,Thursday,8342,8361.95,8317.7,8337.9,160327315,7592.94
2016-07-08,Friday,8350,8353.3,8287.55,8323.2,142159935,6886.33
2016-07-11,Monday,8413.35,8475.25,8407.05,8467.9,154399933,7576.69
2016-07-12,Tuesday,8502.6,8526.6,8479.2,8521.05,189339750,7873.74
2016-07-13,Wednesday,8540.45,8550.25,8493.55,8519.5,201492184,8284.38
2016-07-14,Thursday,8515.75,8571.4,8500.7,8565,158738499,6890.07
2016-07-15,Friday,8565.45,8594.8,8510.05,8541.4,228598684,12375.84
2016-07-18,Monday,8564.05,8587.1,8494.35,8508.7,169400452,8200.06
2016-07-19,Tuesday,8514.3,8540.05,8476.7,8528.55,173050805,7928.14
2016-07-20,Wednesday,8515.45,8569.9,8512.55,8565.85,165349380,7936.36
2016-07-21,Thursday,8582.7,8585.25,8503.45,8510.1,154575685,7399.71
2016-07-22,Friday,8519.65,8548.95,8489.8,8541.2,147619642,6504
2016-07-25,Monday,8519.95,8641.15,8517.2,8635.65,154631398,7850.12
2016-07-26,Tuesday,8633.75,8644.9,8577.15,8590.65,159563469,8765.45
2016-07-27,Wednesday,8599.4,8665,8572.05,8615.8,189796380,10885.88
2016-07-28,Thursday,8636.95,8674.7,8625.25,8666.3,240721865,12998.06
2016-07-29,Friday,8668.3,8670.35,8631.15,8638.5,161935155,8428.8
2016-08-01,Monday,8654.3,8711.3,8590.5,8636.55,194186858,9881.67
2016-08-02,Tuesday,8647.45,8687.2,8611.4,8622.9,174556789,8652.31
2016-08-03,Wednesday,8635.2,8635.45,8529.6,8544.85,168033073,8507.82
2016-08-04,Thursday,8599.95,8601.4,8518.15,8551.1,169780463,7399.03
2016-08-05,Friday,8600.2,8689.4,8590.15,8683.15,162784913,7635.01
2016-08-08,Monday,8712.85,8723.5,8697.6,8711.35,177877012,7862.15
2016-08-09,Tuesday,8727.8,8728.35,8638.2,8678.25,206261255,9111.4
2016-08-10,Wednesday,8686.7,8690.1,8564.6,8575.3,178963496,8206.18
2016-08-11,Thursday,8572.8,8601.15,8540.05,8592.15,195114539,8634.8
2016-08-12,Friday,8605.45,8684.3,8604.45,8672.15,272014034,11998.86
2016-08-16,Tuesday,8670.25,8682.35,8600.45,8642.55,231771409,10937.35
2016-08-17,Wednesday,8639.8,8667.1,8603.6,8624.05,179540691,8161.38
2016-08-18,Thursday,8648.85,8690.7,8645.05,8673.25,169431656,7900.6
2016-08-19,Friday,8694.3,8696.6,8647.1,8666.9,197770568,8354.88
2016-08-22,Monday,8667,8684.85,8614,8629.15,156976546,7394.57
2016-08-23,Tuesday,8628.35,8642.15,8580,8632.6,193302503,7309.82
2016-08-24,Wednesday,8648.5,8661.05,8620.9,8650.3,154168043,7199.72
2016-08-25,Thursday,8668.85,8683.05,8583.65,8592.2,219736214,10508.32
2016-08-26,Friday,8614.35,8622.95,8547.55,8572.55,152146666,7153.37
2016-08-29,Monday,8583.75,8622,8543.75,8607.45,133723771,6857.99
2016-08-30,Tuesday,8646.75,8750.6,8642.25,8744.35,154828719,8392.76
2016-08-31,Wednesday,8754.05,8819.2,8754.05,8786.2,373422334,22534.29
2016-09-01,Thursday,8793.6,8813.25,8759.95,8774.65,246336047,9653.93
2016-09-02,Friday,8796.35,8824.1,8768.2,8809.65,197385217,8231.93
2016-09-06,Tuesday,8852.7,8950.85,8848.45,8943,201617132,9571.31
2016-09-07,Wednesday,8968.7,8968.7,8913.35,8917.95,299145644,11430.95
2016-09-08,Thursday,8915.5,8960.35,8896,8952.5,223937056,10773.98
2016-09-09,Friday,8934.3,8939.15,8858.7,8866.7,181344327,9976.28
2016-09-12,Monday,8732.95,8746.95,8699.4,8715.6,190199613,9248.73
2016-09-14,Wednesday,8710.65,8739.85,8688.9,8726.6,189984289,9112.57
2016-09-15,Thursday,8743.85,8751.95,8704.35,8742.55,149889703,7347.34
2016-09-16,Friday,8780.85,8847.65,8750.5,8779.85,274039556,14430.63
2016-09-19,Monday,8788.45,8824.3,8774.2,8808.4,135814177,7364.64
2016-09-20,Tuesday,8816.1,8816.45,8759.3,8775.9,140718486,7035.07
2016-09-21,Wednesday,8790.3,8826.85,8757.3,8777.15,153441330,7572.41
2016-09-22,Thursday,8873.35,8893.35,8837.8,8867.45,178136644,9305.56
2016-09-23,Friday,8880.75,8885.2,8820.3,8831.55,191618169,9793.98
2016-09-26,Monday,8807.9,8809.55,8715.1,8723.05,169050086,8518.5
2016-09-27,Tuesday,8748.9,8768.5,8690.5,8706.4,156100521,7446.12
2016-09-28,Wednesday,8711.2,8767.05,8703.15,8745.15,170643694,8348.19
2016-09-29,Thursday,8792.7,8800.65,8558.25,8591.25,384395249,19467.3
2016-09-30,Friday,8581.5,8637.15,8555.2,8611.15,187333285,8849.27
2016-10-03,Monday,8666.15,8745.2,8635,8738.1,141472076,7173.62
2016-10-04,Tuesday,8770,8783.65,8736.1,8769.15,189990151,8251.59
2016-10-05,Wednesday,8806.35,8806.95,8731.4,8743.95,162103951,6866.33
2016-10-06,Thursday,8768.7,8781.15,8684.65,8709.55,168713605,8114.93
2016-10-07,Friday,8721.7,8723.7,8663.8,8697.6,155053800,8144.3
2016-10-10,Monday,8735.35,8745.8,8703.95,8708.8,111794053,5159.83
2016-10-13,Thursday,8671.5,8681.55,8541.35,8573.35,218861324,10581.55
2016-10-14,Friday,8594,8604.45,8549.8,8583.4,167848947,9613.47
2016-10-17,Monday,8612.95,8615.4,8506.15,8520.4,203516577,8590.35
2016-10-18,Tuesday,8556.05,8685.1,8555.9,8677.9,216626083,9162.11
2016-10-19,Wednesday,8697.5,8698.75,8636.7,8659.1,177397872,7790.01
2016-10-20,Thursday,8693.35,8727,8678.3,8699.4,165952091,7120.32
2016-10-21,Friday,8708.6,8709.1,8652.05,8693.05,162162047,8022.44
2016-10-24,Monday,8709.85,8736.95,8684.15,8708.95,161966274,6876.28
2016-10-25,Tuesday,8721.7,8722.65,8663.45,8691.3,195696479,8718.02
2016-10-26,Wednesday,8657.3,8657.3,8596.6,8615.25,226133074,9696.9
2016-10-27,Thursday,8607.1,8624.85,8550.25,8615.25,250336333,12300.53
2016-10-28,Friday,8625,8653.75,8581.75,8638,180906084,8953.72
2016-10-30,Sunday,8672.35,8678.25,8616.25,8625.7,16610872,805.89
2016-11-01,Tuesday,8653.15,8669.6,8614.5,8626.25,170068995,8441.3
2016-11-02,Wednesday,8542.8,8549.5,8504.85,8514,160130480,7683.07
2016-11-03,Thursday,8499.85,8537.65,8476.15,8484.95,175773254,7558.06
2016-11-04,Friday,8503.6,8504,8400.25,8433.75,231783152,11798.48
2016-11-07,Monday,8535.75,8535.85,8481.45,8497.05,178070534,8436.7
2016-11-08,Tuesday,8540,8559.4,8480.1,8543.55,201759648,8515.57
2016-11-09,Wednesday,8067.5,8476.2,8002.25,8432,323968654,15536.37
2016-11-10,Thursday,8555.6,8598.45,8510.7,8525.75,271196930,12386.39
2016-11-11,Friday,8456.65,8460.6,8284.95,8296.3,275221694,12485.11
2016-11-15,Tuesday,8284.85,8288.55,8093.2,8108.45,370298063,17387.22
2016-11-16,Wednesday,8205.65,8210.05,8089.4,8111.6,277801233,13705.03
2016-11-17,Thursday,8105.1,8151.25,8060.3,8079.95,197183084,8713.06
2016-11-18,Friday,8097.55,8128.95,8048.3,8074.1,166199545,7901.64
2016-11-21,Monday,8102.1,8102.45,7916.4,7929.1,225608889,9199.11
2016-11-22,Tuesday,7989.15,8019.05,7938.15,8002.3,216677654,9000.44
2016-11-23,Wednesday,8051.2,8055.2,7973.1,8033.3,186602328,8681.67
2016-11-24,Thursday,8011.8,8024.85,7952.55,7965.5,268619026,11868.11
2016-11-25,Friday,8007.95,8122.25,7976.75,8114.3,183355873,8920.79
2016-11-28,Monday,8080.65,8146.5,8066.5,8126.9,195595287,8666.87
2016-11-29,Tuesday,8131.55,8197.35,8128.7,8142.15,195618384,8486.32
2016-11-30,Wednesday,8172.15,8234.25,8139.25,8224.5,255725357,14473.78
2016-12-01,Thursday,8244,8250.8,8185.05,8192.9,162597213,7720.96
2016-12-02,Friday,8153.55,8159.3,8070.05,8086.8,176767415,8050.5
2016-12-05,Monday,8088.75,8141.9,8056.85,8128.75,130435865,6432.02
2016-12-06,Tuesday,8153.15,8178.7,8130.85,8143.15,118854323,5417.56
2016-12-07,Wednesday,8168.4,8190.45,8077.5,8102.05,175024334,7900.03
2016-12-08,Thursday,8152.1,8256.25,8151.75,8246.85,146857616,7275.01
2016-12-09,Friday,8271.7,8274.95,8241.95,8261.75,154344775,6866.81
2016-12-12,Monday,8230.65,8230.65,8154.45,8170.8,111432551,5026.02
2016-12-13,Tuesday,8196.15,8228.85,8155.8,8221.8,189739559,8976.54
2016-12-14,Wednesday,8229.35,8229.4,8165.1,8182.45,149132520,6763.63
2016-12-15,Thursday,8128.4,8225.9,8121.95,8153.6,187425988,8579.44
2016-12-16,Friday,8178.2,8178.7,8127.45,8139.45,209268331,9854.07
2016-12-19,Monday,8126,8132.5,8094.85,8104.35,110669713,5272.2
2016-12-20,Tuesday,8110.6,8124.1,8062.75,8082.4,132026742,6296.67
2016-12-21,Wednesday,8105.85,8112.55,8053.25,8061.3,127543733,6304.6
2016-12-22,Thursday,8043.85,8046.45,7964.95,7979.1,126409580,6206.58
2016-12-23,Friday,7972.5,8022.6,7942.05,7985.75,127921701,5907.28
2016-12-26,Monday,7965.1,7970.05,7893.8,7908.25,110171222,4808.67
2016-12-27,Tuesday,7915.05,8044.65,7903.7,8032.85,122463312,5282.66
2016-12-28,Wednesday,8047.55,8100.55,8028.4,8034.85,130580701,5816.34
2016-12-29,Thursday,8030.6,8111.1,8020.8,8103.6,183984077,7635.4
2016-12-30,Friday,8119.65,8197,8114.75,8185.8,131457250,5800.7
2017-01-02,Monday,8210.1,8212,8133.8,8179.5,122016111,5255.49
2017-01-03,Tuesday,8196.05,8219.1,8148.6,8192.25,131186021,6053.67
2017-01-04,Wednesday,8202.65,8218.5,8180.9,8190.5,136476345,6543.13
2017-01-05,Thursday,8226.65,8282.65,8223.7,8273.8,163957452,8180.68
2017-01-06,Friday,8281.85,8306.85,8233.25,8243.8,143689850,7298.74
2017-01-09,Monday,8259.35,8263,8227.75,8236.05,102211190,5197.62
2017-01-10,Tuesday,8262.7,8293.8,8261,8288.6,147312927,6904.57
2017-01-11,Wednesday,8327.8,8389,8322.25,8380.65,192285417,8938.68
2017-01-12,Thursday,8391.05,8417.2,8382.3,8407.2,177948383,7359.24
2017-01-13,Friday,8457.65,8461.05,8373.15,8400.35,190949616,9156.16
2017-01-16,Monday,8390.95,8426.7,8374.4,8412.8,127938836,6043.67
2017-01-17,Tuesday,8415.05,8440.9,8378.3,8398,125781216,6389.21
2017-01-18,Wednesday,8403.85,8460.3,8397.4,8417,168867039,7411.23
2017-01-19,Thursday,8418.4,8445.15,8404.05,8435.1,170956149,7324.14
2017-01-20,Friday,8404.35,8423.65,8340.95,8349.35,208901233,9014.51
2017-01-23,Monday,8329.6,8404.15,8327.2,8391.5,200993100,8664.94
2017-01-24,Tuesday,8407.05,8480.95,8398.15,8475.8,184745781,8524.17
2017-01-25,Wednesday,8499.45,8612.6,8493.95,8602.75,301490150,13901.89
2017-01-27,Friday,8610.5,8672.7,8606.9,8641.25,283905821,11568.92
2017-01-30,Monday,8635.55,8662.6,8617.75,8632.75,314110760,9333.49
2017-01-31,Tuesday,8629.45,8631.75,8552.4,8561.3,537110119,14721.17
2017-02-01,Wednesday,8570.35,8722.4,8537.5,8716.4,337797412,13494.05
2017-02-02,Thursday,8724.75,8757.6,8685.8,8734.25,292329202,11555.02
2017-02-03,Friday,8735.15,8748.25,8707.75,8740.95,196936238,8193.45
2017-02-06,Monday,8785.45,8814.1,8770.2,8801.05,200403782,8701.51
2017-02-07,Tuesday,8805.7,8809.3,8741.05,8768.3,233294532,9060.63
2017-02-08,Wednesday,8774.55,8791.25,8715,8769.05,225485726,9110.24
2017-02-09,Thursday,8795.55,8821.4,8724.1,8778.4,193282248,8972.67
2017-02-10,Friday,8812.35,8822.1,8771.2,8793.55,232947341,10320.17
2017-02-13,Monday,8819.8,8826.9,8754.2,8805.05,211180353,8659.48
2017-02-14,Tuesday,8819.9,8820.45,8772.5,8792.3,194133563,8494.44
2017-02-15,Wednesday,8778.95,8807.9,8712.85,8724.7,222828919,10472.37
2017-02-16,Thursday,8739,8783.95,8719.6,8778,190277738,9695.63
2017-02-17,Friday,8883.7,8896.45,8804.25,8821.7,307526025,23432.58
2017-02-20,Monday,8818.55,8886.25,8809.8,8879.2,173022362,7833.53
2017-02-21,Tuesday,8890.75,8920.8,8860.95,8907.85,181091326,8863.71
2017-02-22,Wednesday,8931.6,8960.75,8905.25,8926.9,254677956,13514.08
2017-02-23,Thursday,8956.4,8982.15,8927.55,8939.5,388874096,17243.08
2017-02-27,Monday,8943.7,8951.8,8888.65,8896.7,195847099,10388.83
2017-02-28,Tuesday,8898.95,8914.75,8867.6,8879.6,302722890,13819.57
2017-03-01,Wednesday,8904.4,8960.8,8898.6,8945.8,212328974,9681.99
2017-03-02,Thursday,8982.85,8992.5,8879.8,8899.75,225608140,10075.19
2017-03-03,Friday,8883.5,8907.1,8860.1,8897.55,208915878,9783.57
2017-03-06,Monday,8915.1,8967.8,8914,8963.45,180194586,8955.06
2017-03-07,Tuesday,8977.75,8977.85,8932.8,8946.9,178827506,8149.28
2017-03-08,Wednesday,8950.7,8957.05,8891.95,8924.3,183325544,9489.36
2017-03-09,Thursday,8914.5,8945.8,8899.5,8927,176810453,8493.21
2017-03-10,Friday,8953.7,8975.7,8903.95,8934.55,157419999,7385.28
2017-03-14,Tuesday,9091.65,9122.75,9060.5,9087,278726933,14087.57
2017-03-15,Wednesday,9086.85,9106.55,9075.5,9084.8,248033251,9671.51
2017-03-16,Thursday,9129.65,9158.45,9128.55,9153.7,215096446,9275.05
2017-03-17,Friday,9207.8,9218.4,9147.6,9160.05,295554265,13226.29
2017-03-20,Monday,9166.95,9167.6,9116.3,9126.85,342395900,9251.16
2017-03-21,Tuesday,9133.95,9147.75,9087.2,9121.5,255396073,10191.6
2017-03-22,Wednesday,9047.2,9072.9,9019.3,9030.45,239463699,10065.92
2017-03-23,Thursday,9048.75,9099.05,9048.6,9086.3,197705274,8699.36
2017-03-24,Friday,9104,9133.55,9089.4,9108,210021581,8853.03
2017-03-27,Monday,9093.45,9094.85,9024.65,9045.2,209036051,8921.57
2017-03-28,Tuesday,9081.5,9110.4,9079.8,9100.8,188985603,8139.28
2017-03-29,Wednesday,9128.7,9153.15,9109.1,9143.8,250902906,11089.43
2017-03-30,Thursday,9142.6,9183.15,9136.35,9173.75,333410368,15585.42
2017-03-31,Friday,9158.9,9191.7,9152.1,9173.75,196771674,10955.05
2017-04-03,Monday,9220.6,9245.35,9192.4,9237.85,143444541,8337.06
2017-04-05,Wednesday,9264.4,9273.9,9215.4,9265.15,190529461,11461.96
2017-04-06,Thursday,9245.8,9267.95,9218.85,9261.95,191937207,10332.6
2017-04-07,Friday,9223.7,9250.5,9188.1,9198.3,195918747,10217.13
2017-04-10,Monday,9225.6,9225.65,9174.85,9181.45,139968750,8140.08
2017-04-11,Tuesday,9184.55,9242.7,9172.85,9237,206261727,9385.2
2017-04-12,Wednesday,9242.5,9246.4,9161.8,9203.45,166755013,8412.97
2017-04-13,Thursday,9202.5,9202.65,9144.95,9150.8,171695600,8908.17
2017-04-17,Monday,9144.75,9160,9120.25,9139.3,132244225,6473.27
2017-04-18,Tuesday,9163,9217.9,9095.45,9105.15,179569574,8527.5
2017-04-19,Wednesday,9112.2,9120.5,9075.15,9103.5,179117382,8950.27
2017-04-20,Thursday,9108.1,9143.9,9102.65,9136.4,175629897,8843.5
2017-04-21,Friday,9179.1,9183.65,9088.75,9119.4,159981265,8476.63
2017-04-24,Monday,9135.35,9225.4,9130.55,9217.95,172908048,9720.75
2017-04-25,Tuesday,9273.05,9309.2,9250.35,9306.6,173896951,10426.02
2017-04-26,Wednesday,9336.2,9367,9301.35,9351.85,191395120,10483.32
2017-04-27,Thursday,9359.15,9367.15,9322.65,9342.15,215881711,12910.38
2017-04-28,Friday,9340.95,9342.65,9282.25,9304.05,167229353,8673.32
2017-05-02,Tuesday,9339.85,9352.55,9269.9,9313.8,166558241,9110.59
2017-05-03,Wednesday,9344.7,9346.3,9298.4,9311.95,156342492,7975.14
2017-05-04,Thursday,9360.95,9365.65,9323.25,9359.9,277895923,12379.74
2017-05-05,Friday,9374.55,9377.1,9272,9285.3,239133531,10466.68
2017-05-08,Monday,9311.45,9338.7,9297.95,9314.05,179709949,8300.22
2017-05-09,Tuesday,9337.35,9338.95,9307.7,9316.85,136417428,7504.66
2017-05-10,Wednesday,9339.65,9414.75,9336,9407.3,157363135,8619.06
2017-05-11,Thursday,9448.6,9450.65,9411.3,9422.4,176439840,9289.89
2017-05-12,Friday,9436.65,9437.75,9372.55,9400.9,159079418,9813.47
2017-05-15,Monday,9433.55,9449.25,9423.1,9445.4,145163953,7790.97
2017-05-16,Tuesday,9461,9517.2,9456.35,9512.25,171709433,9209.89
2017-05-17,Wednesday,9517.6,9532.6,9486.1,9525.75,211856040,10726.23
2017-05-18,Thursday,9453.2,9489.1,9418.1,9429.45,199340647,10782.46
2017-05-19,Friday,9469.9,9505.75,9390.75,9427.9,259861396,11544.77
2017-05-22,Monday,9480.25,9498.65,9427.9,9438.25,202874757,9432.97
2017-05-23,Tuesday,9445.05,9448.05,9370,9386.15,231345629,11553.27
2017-05-24,Wednesday,9410.9,9431.9,9341.65,9360.55,218265181,11045.95
2017-05-25,Thursday,9384.05,9523.3,9379.2,9509.75,298147347,16964.26
2017-05-26,Friday,9507.75,9604.9,9495.4,9595.1,225647631,11204.36
2017-05-29,Monday,9560.05,9637.75,9547.7,9604.9,242266034,12484.61
2017-05-30,Tuesday,9590.65,9635.3,9581.2,9624.55,199894193,9765.4
2017-05-31,Wednesday,9636.55,9649.6,9609.25,9621.25,427053433,19605.94
2017-06-01,Thursday,9603.55,9634.65,9589.9,9616.1,181533283,9482.61
2017-06-02,Friday,9657.15,9673.5,9637.45,9653.5,167195027,8564.3
2017-06-05,Monday,9656.3,9687.2,9640.7,9675.1,131685021,7192.24
2017-06-06,Tuesday,9704.25,9709.3,9630.2,9637.15,150379695,8416.55
2017-06-07,Wednesday,9663.95,9678.55,9630.55,9663.9,165669924,8989.36
2017-06-08,Thursday,9682.4,9688.7,9641.5,9647.25,160165459,8822.63
2017-06-09,Friday,9638.55,9676.25,9608.15,9668.25,163897548,9078.71
2017-06-12,Monday,9646.7,9647.05,9598.5,9616.4,145786938,7686.89
2017-06-13,Tuesday,9615.55,9654.15,9595.4,9606.9,133734363,7056.83
2017-06-14,Wednesday,9621.55,9627.4,9580.45,9618.15,187378750,10540.68
2017-06-15,Thursday,9617.9,9621.4,9560.8,9578.05,176423424,9868.08
2017-06-16,Friday,9595.45,9615.85,9565.5,9588.05,219808528,11920.62
2017-06-19,Monday,9626.4,9673.3,9614.9,9657.55,146146062,8144.36
2017-06-20,Tuesday,9670.5,9676.5,9643.75,9653.5,164437226,8476.67
2017-06-21,Wednesday,9648.1,9650.45,9608.6,9633.6,148490556,8023.4
2017-06-22,Thursday,9642.65,9698.85,9617.75,9630,204888654,10738.45
2017-06-23,Friday,9643.25,9647.65,9565.3,9574.95,180580579,9092.74
2017-06-27,Tuesday,9594.05,9615.4,9473.45,9511.4,209593904,11084.51
2017-06-28,Wednesday,9520.2,9522.5,9474.35,9491.25,177652206,9103.73
2017-06-29,Thursday,9522.95,9575.8,9493.8,9504.1,267283587,13395.85
2017-06-30,Friday,9478.5,9535.8,9448.75,9520.9,185202600,8783.59
2017-07-03,Monday,9587.95,9624,9543.55,9615,188690599,8720.76
2017-07-04,Tuesday,9645.9,9650.65,9595.5,9613.3,149313755,7774.69
2017-07-05,Wednesday,9619.75,9643.65,9607.35,9637.6,134849476,7311.1
2017-07-06,Thursday,9653.6,9700.7,9639.95,9674.55,152001940,7539.21
2017-07-07,Friday,9670.35,9684.25,9642.65,9665.8,146232151,8514.53
2017-07-10,Monday,9719.3,9782.15,9646.45,9771.05,40142973,1920.78
2017-07-11,Tuesday,9797.45,9830.05,9778.85,9786.05,185322358,9908.41
2017-07-12,Wednesday,9807.3,9824.95,9787.7,9816.1,150045594,7966.44
2017-07-13,Thursday,9855.8,9897.25,9853.45,9891.7,186866752,10244.56
2017-07-14,Friday,9913.3,9913.3,9845.45,9886.35,164456602,9187.71
2017-07-17,Monday,9908.15,9928.2,9894.7,9915.95,168596771,8310.48
2017-07-18,Tuesday,9832.7,9885.35,9792.05,9827.15,303007860,13184.22
2017-07-19,Wednesday,9855.95,9905.05,9851.65,9899.6,206376192,10935.6
2017-07-20,Thursday,9920.2,9922.55,9863.45,9873.3,166083004,8942.56
2017-07-21,Friday,9899.6,9924.7,9838,9915.25,193286125,11860.28
2017-07-24,Monday,9936.8,9982.05,9919.6,9966.4,179905535,10837.2
2017-07-25,Tuesday,10010.55,10011.3,9949.1,9964.55,191206247,10491.32
2017-07-26,Wednesday,9983.65,10025.95,9965.95,10020.65,203697844,11403.3
2017-07-27,Thursday,10063.25,10114.85,10005.5,10020.55,296782048,18601.99
2017-07-28,Friday,9996.55,10026.05,9944.5,10014.5,197491415,11996.8
2017-07-31,Monday,10034.7,10085.9,10016.95,10077.1,245096535,13131.89
2017-08-01,Tuesday,10101.05,10128.6,10065.75,10114.65,190000516,11515.29
2017-08-02,Wednesday,10136.3,10137.85,10054.2,10081.5,166463276,9165.92
2017-08-03,Thursday,10081.15,10081.15,9998.25,10013.65,198665837,10714.1
2017-08-04,Friday,10008.6,10075.25,9988.35,10066.4,184082134,10397.88
2017-08-07,Monday,10074.8,10088.1,10046.35,10057.4,141566282,7827.95
2017-08-08,Tuesday,10068.35,10083.8,9947,9978.55,209645343,10780.41
2017-08-09,Wednesday,9961.15,9969.8,9893.05,9908.05,174395293,8831.72
2017-08-10,Thursday,9872.85,9892.65,9776.2,9820.25,242820594,12040.13
2017-08-11,Friday,9712.15,9771.65,9685.55,9710.8,294732998,13435.56
2017-08-14,Monday,9755.75,9818.3,9752.1,9794.15,201613585,9486.82
2017-08-16,Wednesday,9825.85,9903.95,9773.85,9897.3,226269013,10815.38
2017-08-17,Thursday,9945.55,9947.8,9883.75,9904.15,203652311,9927.47
2017-08-18,Friday,9865.95,9865.95,9783.65,9837.4,253931517,15636.16
2017-08-21,Monday,9864.25,9884.35,9740.1,9754.35,211627775,11764
2017-08-22,Tuesday,9815.75,9828.45,9752.6,9765.55,189267122,9850.89
2017-08-23,Wednesday,9803.05,9857.9,9786.75,9852.5,173815509,9961.13
2017-08-24,Thursday,9881.2,9881.5,9848.85,9857.05,190398702,10392.63
2017-08-28,Monday,9907.15,9925.75,9882,9912.8,164493772,9900.06
2017-08-29,Tuesday,9886.4,9887.35,9783.75,9796.05,178668444,8469.09
2017-08-30,Wednesday,9859.5,9909.45,9850.8,9884.4,162704136,8008.72
2017-08-31,Thursday,9905.7,9925.1,9856.95,9917.9,337782004,14619.43
2017-09-01,Friday,9937.65,9983.45,9909.85,9974.4,162730656,9314.82
2017-09-04,Monday,9984.15,9988.4,9861,9912.85,153369495,8069.64
2017-09-05,Tuesday,9933.25,9963.1,9901.05,9952.2,143522342,7566.62
2017-09-06,Wednesday,9899.25,9931.55,9882.55,9916.2,153767846,8926.98
2017-09-07,Thursday,9945.85,9964.85,9917.2,9929.9,194626599,9455.48
2017-09-08,Friday,9958.65,9963.6,9913.3,9934.8,168698771,8792.49
2017-09-11,Monday,9971.75,10028.65,9968.8,10006.05,178409875,9545.94
2017-09-12,Tuesday,10056.85,10097.55,10028.05,10093.05,188248293,9894.2
2017-09-13,Wednesday,10099.25,10131.95,10063.15,10079.3,221608053,10682.41
2017-09-14,Thursday,10107.4,10126.5,10070.35,10086.6,232637517,11047.46
2017-09-15,Friday,10062.35,10115.15,10043.65,10085.4,274799134,13650.9
2017-09-18,Monday,10133.1,10171.7,10131.3,10153.1,160852680,8106.66
2017-09-19,Tuesday,10175.6,10178.95,10129.95,10147.55,193345992,8796.21
2017-09-20,Wednesday,10160.95,10171.05,10134.2,10141.15,205605243,10105.71
2017-09-21,Thursday,10139.6,10158.9,10058.6,10121.9,197710666,11114.28
2017-09-22,Friday,10094.35,10095.05,9952.8,9964.4,233621596,11941.88
2017-09-25,Monday,9960.1,9960.5,9816.05,9872.6,228206970,11258.68
2017-09-26,Tuesday,9875.25,9891.35,9813,9871.5,196792799,9754.02
2017-09-27,Wednesday,9920.6,9921.05,9714.4,9735.75,206305991,10127.39
2017-09-28,Thursday,9736.4,9789.2,9687.55,9768.95,396874518,18962.4
2017-09-29,Friday,9814.3,9854,9775.35,9788.6,202350211,11087.11
2017-10-03,Tuesday,9893.3,9895.4,9831.05,9859.5,167833406,9698.55
2017-10-04,Wednesday,9884.35,9938.3,9850.65,9914.9,160993982,8790.29
2017-10-05,Thursday,9927,9945.95,9881.85,9888.7,152362417,7823.55
2017-10-06,Friday,9908.15,9989.35,9906.6,9979.7,201858899,9986.18
2017-10-09,Monday,9988.2,10015.75,9959.45,9988.75,148395842,7425.19
2017-10-10,Tuesday,10013.7,10034,10002.3,10016.95,153246570,8055.5
2017-10-11,Wednesday,10042.6,10067.25,9955.8,9984.8,195593061,10227.9
2017-10-12,Thursday,10011.2,10104.45,9977.1,10096.4,207106672,10579.8
2017-10-13,Friday,10123.7,10191.9,10120.1,10167.45,237230047,12379.8
2017-10-16,Monday,10207.4,10242.95,10175.1,10230.85,209327364,11774.68
2017-10-17,Tuesday,10227.65,10251.85,10212.6,10234.45,201782377,10422.81
2017-10-18,Wednesday,10209.4,10236.45,10175.75,10210.85,262111790,13177.83
2017-10-19,Thursday,10210.35,10211.95,10123.35,10146.55,31086379,1685.16
2017-10-23,Monday,10176.65,10224.15,10124.5,10184.85,224799211,12144.31
2017-10-24,Tuesday,10218.55,10237.75,10182.4,10207.7,223914325,11539.73
2017-10-25,Wednesday,10321.15,10340.55,10240.9,10295.35,612620774,25922.51
2017-10-26,Thursday,10291.8,10355.65,10271.85,10343.8,443036008,23135.46
2017-10-27,Friday,10362.3,10366.15,10311.3,10323.05,322411410,15149.9
2017-10-30,Monday,10353.85,10384.5,10344.3,10363.65,244193178,12558.7
2017-10-31,Tuesday,10364.9,10367.7,10323.95,10335.3,239809700,12830.06
2017-11-01,Wednesday,10390.35,10451.65,10383.05,10440.5,268270466,14206.21
2017-11-02,Thursday,10440.5,10453,10412.55,10423.8,207735021,10779.63
2017-11-03,Friday,10461.55,10461.7,10403.6,10452.5,206101238,10070.83
2017-11-06,Monday,10431.75,10490.45,10413.75,10451.8,199559409,10231.76
2017-11-07,Tuesday,10477.15,10485.75,10340.8,10350.15,295830692,16182.46
2017-11-08,Wednesday,10361.95,10384.25,10285.5,10303.15,282950322,14789.39
2017-11-09,Thursday,10358.65,10368.45,10266.95,10308.95,247606613,12697.28
2017-11-10,Friday,10304.35,10344.95,10254.1,10321.75,287962940,14682.6
2017-11-13,Monday,10322,10334.15,10216.25,10224.95,216799588,11783.34
2017-11-14,Tuesday,10223.4,10248,10175.55,10186.6,314413476,15398.97
2017-11-15,Wednesday,10171.95,10175.45,10094,10118.05,213836202,11609.18
2017-11-16,Thursday,10152.9,10232.25,10139.2,10214.75,188180035,9995.55
2017-11-17,Friday,10324.55,10343.6,10268.05,10283.6,209592893,11023.35
2017-11-20,Monday,10287.2,10309.85,10261.5,10298.75,151751415,8502.63
2017-11-21,Tuesday,10329.25,10358.7,10315.05,10326.9,191859084,10443.99
2017-11-22,Wednesday,10350.8,10368.7,10309.55,10342.3,162504058,9136.04
2017-11-23,Thursday,10358.45,10374.3,10307.3,10348.75,157651842,8789.42
2017-11-24,Friday,10366.8,10404.5,10362.25,10389.7,133177324,8197.66
2017-11-27,Monday,10361.05,10407.15,10340.2,10399.55,146276512,7551.71
2017-11-28,Tuesday,10387.9,10409.55,10355.2,10370.25,202050866,9979.25
2017-11-29,Wednesday,10376.65,10392.95,10345.9,10361.3,157192930,8852.8
2017-11-30,Thursday,10332.7,10332.7,10211.25,10226.55,353105240,19005.56
2017-12-01,Friday,10263.7,10272.7,10108.55,10121.8,147765528,8518.58
2017-12-04,Monday,10175.05,10179.2,10095.7,10127.75,153240126,8458.66
2017-12-05,Tuesday,10118.25,10147.95,10069.1,10118.25,160253042,8749.09
2017-12-06,Wednesday,10088.8,10104.2,10033.35,10044.1,171208366,9598.82
2017-12-07,Thursday,10063.45,10182.65,10061.9,10166.7,171339022,9910.28
2017-12-08,Friday,10198.45,10270.85,10195.25,10265.65,206234019,11468.15
2017-12-11,Monday,10310.5,10329.2,10282.05,10322.25,152034656,8453.76
2017-12-12,Tuesday,10324.9,10326.1,10230.2,10240.15,180546894,10380.24
2017-12-13,Wednesday,10236.6,10296.55,10169.85,10192.95,187191964,10070.44
2017-12-14,Thursday,10229.3,10276.1,10141.55,10252.1,159103960,9549.23
2017-12-15,Friday,10345.65,10373.1,10319.65,10333.25,262974703,15106.77
2017-12-18,Monday,10263.1,10443.55,10074.8,10388.75,237506982,12921.61
2017-12-19,Tuesday,10414.8,10472.2,10406,10463.2,174340665,10982.95
2017-12-20,Wednesday,10494.4,10494.45,10437.15,10444.2,180597460,11303
2017-12-21,Thursday,10473.95,10473.95,10426.9,10440.3,156646972,9411.2
2017-12-22,Friday,10457.3,10501.1,10448.25,10493,143119167,8755.32
2017-12-26,Tuesday,10512.3,10545.45,10477.95,10531.5,160417384,9043.77
2017-12-27,Wednesday,10531.05,10552.4,10469.25,10490.75,170307122,9077.6
2017-12-28,Thursday,10498.2,10534.55,10460.45,10477.9,281309989,14551.58
2017-12-29,Friday,10492.35,10538.7,10488.65,10530.7,156736221,8943.1
2018-01-01,Monday,10531.7,10537.85,10423.1,10435.55,134532090,7546.56
2018-01-02,Tuesday,10477.55,10495.2,10404.65,10442.2,158092430,8665.47
2018-01-03,Wednesday,10482.65,10503.6,10429.55,10443.2,172516859,9541.6
2018-01-04,Thursday,10469.4,10513,10441.45,10504.8,180257392,9561.95
2018-01-05,Friday,10534.25,10566.1,10520.1,10558.85,186469717,10306.22
2018-01-08,Monday,10591.7,10631.2,10588.55,10623.6,174181231,9907.27
2018-01-09,Tuesday,10645.1,10659.15,10603.6,10637,211291563,10733.37
2018-01-10,Wednesday,10652.05,10655.5,10592.7,10632.2,181900014,9720.65
2018-01-11,Thursday,10637.05,10664.6,10612.35,10651.2,158630055,9635.01
2018-01-12,Friday,10682.55,10690.4,10597.1,10681.25,180592153,11005.12
2018-01-15,Monday,10718.5,10782.65,10713.8,10741.55,181262074,11333.11
2018-01-16,Tuesday,10761.5,10762.35,10687.85,10700.45,217468081,12709.44
2018-01-17,Wednesday,10702.45,10803,10666.75,10788.55,260488465,14334.26
2018-01-18,Thursday,10873.4,10887.5,10782.4,10817,321609375,17930.3
2018-01-19,Friday,10829.2,10906.85,10793.9,10894.7,214011963,11792.26
2018-01-22,Monday,10883.2,10975.1,10881.4,10966.2,238815813,14469.06
2018-01-23,Tuesday,10997.4,11092.9,10994.55,11083.7,293445774,16423.91
2018-01-24,Wednesday,11069.35,11110.1,11046.15,11086,292197072,16915.14
2018-01-25,Thursday,11095.6,11095.6,11009.2,11069.65,340469462,19939.54
2018-01-29,Monday,11079.35,11171.55,11075.95,11130.4,249220726,16118.36
2018-01-30,Tuesday,11120.85,11121.1,11033.9,11049.65,234969503,13232.19
2018-01-31,Wednesday,11018.8,11058.5,10979.3,11027.7,253462573,14459.69
2018-02-01,Thursday,11044.55,11117.35,10878.8,11016.9,315743486,17719.4
2018-02-02,Friday,10938.2,10954.95,10736.1,10760.6,291431992,16542.51
2018-02-05,Monday,10604.3,10702.75,10586.8,10666.55,247479157,13980.63
2018-02-06,Tuesday,10295.15,10594.15,10276.3,10498.25,274656443,15606.34
2018-02-07,Wednesday,10607.2,10614,10446.4,10476.7,258095424,13971.66
2018-02-08,Thursday,10518.5,10637.8,10479.55,10576.85,239407938,12569.23
2018-02-09,Friday,10416.5,10480.2,10398.2,10454.95,197502912,10602.15
2018-02-12,Monday,10518.2,10555.5,10485.4,10539.75,224114801,11133.78
2018-02-14,Wednesday,10585.75,10590.55,10456.65,10500.9,236329440,12188.94
2018-02-15,Thursday,10537.9,10618.1,10511.05,10545.5,217090245,11035.38
2018-02-16,Friday,10596.2,10612.9,10434.05,10452.3,190043189,10026.71
2018-02-19,Monday,10488.9,10489.35,10302.75,10378.4,193087737,9871.36
2018-02-20,Tuesday,10391,10429.35,10347.65,10360.4,193464871,9619.95
2018-02-21,Wednesday,10426,10426.1,10349.6,10397.45,241331542,12996.36
2018-02-22,Thursday,10354.35,10397.55,10340.65,10382.7,-,-
2018-02-23,Friday,10408.1,10499.1,10396.65,10491.05,217134363,12704.32
2018-02-26,Monday,10526.55,10592.95,10520.2,10582.6,-,-
