2015-01-01,Thursday,886.3,892,883.65,887.9,677439,601305852.4
2015-01-02,Friday,888.1,896.05,884.3,885.55,1675827,1490461120
2015-01-05,Monday,885,890.9,874.1,875.85,2309591,2036781223
2015-01-06,Tuesday,870,873,832,836.1,4258043,3609133017
2015-01-07,Wednesday,837.1,858.8,837,854.3,4736315,4024972096
2015-01-08,Thursday,860.1,862.9,840.15,842.05,4542457,3841574197
2015-01-09,Friday,848.4,862,845,860.3,3061366,2608740827
2015-01-12,Monday,860.5,861,841.6,850.3,2308716,1956661982
2015-01-13,Tuesday,853,854.95,840.5,843.15,2274108,1921106779
2015-01-14,Wednesday,843,847,831.2,834.95,2601286,2174912517
2015-01-15,Thursday,840,871.1,840,864.25,3869247,3316204148
2015-01-16,Friday,860,875,852.05,869.7,4374388,3794307437
2015-01-19,Monday,870.2,886,858.75,879.65,3049291,2674972253
2015-01-20,Tuesday,881.5,905.55,878.85,903.05,3054173,2731470301
2015-01-21,Wednesday,905,911.4,892.05,906.75,3905183,3529238452
2015-01-22,Thursday,905.15,907.2,879.5,883.75,5422365,4817156239
2015-01-23,Friday,890,897.8,877,886.9,4132897,3667065182
2015-01-27,Tuesday,892.9,896.7,880.5,889.05,4100754,3642848564
2015-01-28,Wednesday,886.1,909.8,886.1,906.85,4411227,3961282115
2015-01-29,Thursday,907.1,934.5,906.9,929.4,8255888,7648230604
2015-01-30,Friday,930,931.25,909,915.25,4970953,4564055708
2015-02-02,Monday,916.05,919.9,905.7,908.05,4412275,4026871185
2015-02-03,Tuesday,913.2,940.85,913.2,937.6,3907020,3634896454
2015-02-04,Wednesday,939.1,943.8,925.9,928.8,3216827,3013388329
2015-02-05,Thursday,936,939.9,917.6,923.7,2826578,2629035298
2015-02-06,Friday,924.1,930,903,909.9,2067728,1894667594
2015-02-09,Monday,901.2,918,892,896.7,2020605,1829748406
2015-02-10,Tuesday,898,904.5,861.3,882,3120391,2770794074
2015-02-11,Wednesday,886,904.75,883,900.7,2235774,2000218384
2015-02-12,Thursday,908,913.95,887.25,909.15,1990874,1790499427
2015-02-13,Friday,914,920.8,909.05,917.5,1690071,1548392963
2015-02-16,Monday,918.7,924.2,900,902.8,2803961,2553974829
2015-02-18,Wednesday,900,908,894.4,901.65,2248124,2026211155
2015-02-19,Thursday,906.95,907.6,887.55,902.05,2183115,1957949746
2015-02-20,Friday,895.25,896,871.3,873.1,4278437,3751837334
2015-02-23,Monday,869.95,876.75,847.1,851.45,3224043,2775839050
2015-02-24,Tuesday,854.25,856.8,837,841.45,4559370,3847076141
2015-02-25,Wednesday,848.8,856.5,841.05,843.15,3491406,2960207399
2015-02-26,Thursday,846.1,850,836.6,842,4905338,4129095106
2015-02-27,Friday,847.55,861,844.6,855.55,4265220,3633641410
2015-02-28,Saturday,862.8,868.4,846.6,865.15,2093776,1800926912
2015-03-02,Monday,869,875.5,855.55,864.25,3332631,2873565098
2015-03-03,Tuesday,869,906.45,867.4,900.8,4717254,4217579279
2015-03-04,Wednesday,906,909.65,880.05,887.85,3308981,2961479781
2015-03-05,Thursday,892.5,898.75,878.15,884.95,2449658,2173892015
2015-03-09,Monday,885.1,891.75,864.15,869.65,3215112,2824781476
2015-03-10,Tuesday,868.95,875.8,855.4,859.15,3482250,3006776763
2015-03-11,Wednesday,860.95,869.6,852.4,855.95,2659765,2289993803
2015-03-12,Thursday,858,867.4,855.6,863.8,2693254,2316448275
2015-03-13,Friday,869,869.6,847,850.1,2956988,2532146490
2015-03-16,Monday,851.5,853.95,840.3,842.1,3163589,2667804475
2015-03-17,Tuesday,850.55,859.9,841,856.85,4359100,3707860505
2015-03-18,Wednesday,857,872.25,854.7,868.65,2118940,1828813747
2015-03-19,Thursday,875.55,876.7,854.1,856.15,3185218,2754000733
2015-03-20,Friday,857.9,861.15,848.6,854.1,2378572,2032906712
2015-03-23,Monday,856.5,864,838.1,841.95,3029112,2562699588
2015-03-24,Tuesday,842.1,854.3,842.1,847.95,2111750,1791089320
2015-03-25,Wednesday,849,849.5,841,844.9,2346393,1979696500
2015-03-26,Thursday,841.1,849.25,824.1,829.3,4713693,3939543171
2015-03-27,Friday,833.9,835,801.45,811.7,5332142,4349419107
2015-03-30,Monday,816.6,817.7,796.45,810.75,3961481,3200003964
2015-03-31,Tuesday,818,832.9,818,826,4625471,3823772486
2015-04-01,Wednesday,824.9,839,813.1,836.05,3334693,2752795810
2015-04-06,Monday,836,838,821.4,824.65,2819367,2329366264
2015-04-07,Tuesday,826.05,836.1,826.05,832.85,4863211,4043217394
2015-04-08,Wednesday,833.5,869.5,832.9,865.9,5673710,4853572872
2015-04-09,Thursday,865.5,899,858.8,895.1,6234931,5492068190
2015-04-10,Friday,894.95,908.8,889.1,904.35,5788462,5206141229
2015-04-13,Monday,906.8,924.75,898.75,922.5,4612201,4220086514
2015-04-15,Wednesday,921,939.6,907.2,923.65,5081693,4674315018
2015-04-16,Thursday,924.5,938,919,928.35,4612192,4280290136
2015-04-17,Friday,935.05,944.3,922.6,926.85,5476551,5115923406
2015-04-20,Monday,937.3,937.45,878.5,885.65,8601165,7754013935
2015-04-21,Tuesday,890.15,895.5,872.45,876.45,4047524,3584122582
2015-04-22,Wednesday,881.9,886.75,867,879.75,3374188,2962198095
2015-04-23,Thursday,883.85,889.4,869.05,877.05,3048801,2679863364
2015-04-24,Friday,877,884.45,868.65,878.9,2905259,2551552101
2015-04-27,Monday,880.05,887.5,871.45,875.3,2524227,2220088766
2015-04-28,Tuesday,874.7,882,858.55,865.2,3357286,2914903681
2015-04-29,Wednesday,862,870.55,847.4,850,3746012,3221437134
2015-04-30,Thursday,850,865.9,847.95,862.35,7955186,6823999517
2015-05-04,Monday,866.2,893.9,860.5,890.95,3446692,3024658626
2015-05-05,Tuesday,893.7,901.8,885.1,892.15,4079468,3641890947
2015-05-06,Wednesday,890,896.75,872,880.25,5128997,4523374041
2015-05-07,Thursday,875,878.45,860,870.75,3825462,3318801858
2015-05-08,Friday,871,893.75,861.1,889.7,3909788,3445200208
2015-05-11,Monday,892.85,899.45,883.4,895.95,3249083,2898152530
2015-05-12,Tuesday,894.9,894.9,865.15,868.7,3805956,3322349492
2015-05-13,Wednesday,873.35,888.65,857.2,885.1,3817667,3329429068
2015-05-14,Thursday,886,886.2,870.3,878.2,2818365,2474730439
2015-05-15,Friday,881.9,886.95,870.1,873.95,1904490,1669800163
2015-05-18,Monday,874.9,894,872.2,891.55,2250982,1993494078
2015-05-19,Tuesday,891.25,904.75,886.6,895.55,3317436,2969945397
2015-05-20,Wednesday,900.4,911,897.7,908.85,1990706,1801657165
2015-05-21,Thursday,911.25,915.4,894.1,896.75,2459446,2218890672
2015-05-22,Friday,897,905.6,897,903.85,1908452,1720762618
2015-05-25,Monday,900,908,892.35,894.5,1512612,1359727677
2015-05-26,Tuesday,895,896,882.7,884.6,2173883,1934207310
2015-05-27,Wednesday,886,890.9,880.2,885.3,1846549,1635177350
2015-05-28,Thursday,885.85,894.25,872,875.8,6066339,5338207624
2015-05-29,Friday,879.9,886.45,873.1,877,6692348,5875581985
2015-06-01,Monday,880,904.9,878,902.25,4479082,4027099687
2015-06-02,Tuesday,905.75,918.8,891.45,898.65,4612571,4167987317
2015-06-03,Wednesday,899,910.45,888.5,896.35,3553618,3193398374
2015-06-04,Thursday,904.2,916.2,892.55,912.7,3641649,3297473782
2015-06-05,Friday,909.9,916.95,904.45,907.75,2986745,2718413370
2015-06-08,Monday,906.8,910,883.1,885.45,2479431,2217671990
2015-06-09,Tuesday,883.55,890.65,877.35,883.7,2092303,1849338135
2015-06-10,Wednesday,886,909.9,885,905.8,3088017,2789353176
2015-06-11,Thursday,906,909.5,873.65,877.15,3354787,2970911078
2015-06-12,Friday,879,892.7,878.25,889.85,4924556,4372756582
2015-06-15,Monday,894.9,905,890,901.75,2939253,2645381755
2015-06-16,Tuesday,899,905,893.2,903.95,3184005,2858334633
2015-06-17,Wednesday,905.05,942.35,894,931.2,5996339,5538666078
2015-06-18,Thursday,932.55,982,932.5,978.95,11284420,10905086761
2015-06-19,Friday,982.5,1006.4,982.5,996.65,10448751,10391016746
2015-06-22,Monday,996.95,1008.7,986.5,991.7,4433185,4403980457
2015-06-23,Tuesday,992.65,1002.7,991,995,3659045,3645558611
2015-06-24,Wednesday,995,1006.45,986.65,990.9,4252334,4244061960
2015-06-25,Thursday,987,1009,985,1004.55,6211775,6218805169
2015-06-26,Friday,999.9,1014.1,995.4,1000.7,4792657,4806268084
2015-06-29,Monday,987.9,993.85,972,990.85,4610282,4535092024
2015-06-30,Tuesday,989.9,1002.85,988,1000.1,5299670,5269979736
2015-07-01,Wednesday,1001,1010.45,1001,1005.65,3388578,3410490409
2015-07-02,Thursday,1009,1019.75,1007.1,1010.85,3641605,3691405556
2015-07-03,Friday,1009.75,1013.8,1003.05,1007.2,3161556,3188307415
2015-07-06,Monday,996.1,1018.9,995.2,1015.55,2797340,2816565380
2015-07-07,Tuesday,1011,1016.6,1000,1003.25,2581847,2601097563
2015-07-08,Wednesday,995.85,1008.7,991.65,996.6,3472328,3468431724
2015-07-09,Thursday,996,1001,983.15,987.4,3713532,3688073859
2015-07-10,Friday,991.1,1004,990.25,1001.8,3682606,3678854545
2015-07-13,Monday,1001.8,1012.5,995.15,1007,2253887,2264214365
2015-07-14,Tuesday,1008.9,1011.5,995.2,997.8,2272786,2277523578
2015-07-15,Wednesday,999.75,1014.4,999.55,1011.15,3093396,3123383138
2015-07-16,Thursday,1012,1027.8,1011.15,1023.7,3395442,3474369729
2015-07-17,Friday,1025.25,1031.15,1018,1021.7,2330438,2390292947
2015-07-20,Monday,1027.8,1029.95,1017.9,1024.75,1451127,1486323137
2015-07-21,Tuesday,1028,1028.45,1002.75,1007.8,1811142,1843954641
2015-07-22,Wednesday,1005,1053.95,1004.6,1050.4,3956647,4113626833
2015-07-23,Thursday,1053.5,1067.85,1041.2,1045.3,4261457,4482564298
2015-07-24,Friday,1048,1049.65,1021.1,1025.05,2994363,3104190636
2015-07-27,Monday,1024.9,1029.9,1001.75,1005.35,4598763,4672151326
2015-07-28,Tuesday,1008.3,1016.7,1000.1,1010.25,3059101,3090683254
2015-07-29,Wednesday,1009.5,1012.7,992.1,996,3380933,3391317375
2015-07-30,Thursday,1000.1,1008,992.3,1000.15,2674704,2675840716
2015-07-31,Friday,1000,1007.9,990,1001.85,3802312,3803747332
2015-08-03,Monday,1001,1013.85,999.4,1002.45,2260182,2271818905
2015-08-04,Tuesday,1003.4,1005.65,980,988,2744569,2716564866
2015-08-05,Wednesday,988.25,1000.8,984.1,987.75,3279028,3257442648
2015-08-06,Thursday,991,992,977.5,978.95,1990511,1956690353
2015-08-07,Friday,979,994,977.15,984.35,1967847,1942936633
2015-08-10,Monday,984.5,988.8,964.5,968.9,2123285,2073226746
2015-08-11,Tuesday,971,973.65,958,966,2002952,1935306220
2015-08-12,Wednesday,963.6,966,940.55,942.9,2205902,2104607171
2015-08-13,Thursday,947,953.95,929.4,933.35,2135047,2007824041
2015-08-14,Friday,940.25,972,934.3,966.95,2912005,2792260179
2015-08-17,Monday,966,966,946.05,950.7,2481826,2364242705
2015-08-18,Tuesday,956,956,942.2,944.1,1515583,1434225062
2015-08-19,Wednesday,944,961,939.45,954.6,2029201,1933217602
2015-08-20,Thursday,959.95,959.95,913.75,916.3,4344929,4038760044
2015-08-21,Friday,910,911.9,897,907.95,4583212,4148894277
2015-08-24,Monday,880,880,818,829.55,8145723,6968383326
2015-08-25,Tuesday,840.85,860.65,823.2,848.15,11315843,9524768449
2015-08-26,Wednesday,847.8,874.8,840,853.4,4332912,3728217468
2015-08-27,Thursday,866.8,881.25,857.05,869.15,6171185,5369515383
2015-08-28,Friday,875,883,866.1,872.4,2461890,2154137820
2015-08-31,Monday,872.85,872.85,853.8,855.9,4733716,4071685674
2015-09-01,Tuesday,853.9,853.9,835.1,839.85,4947842,4167368573
2015-09-02,Wednesday,850,857.1,842.6,849.55,4492201,3819762801
2015-09-03,Thursday,854.05,860.75,844.4,853.85,2665275,2271930327
2015-09-04,Friday,849.7,849.7,825.1,835.9,3703036,3094233817
2015-09-07,Monday,838.25,844,827.7,833.2,2339465,1949570930
2015-09-08,Tuesday,836,852.95,825.1,848.6,2948830,2484102868
2015-09-09,Wednesday,861,878.7,850.5,874.05,3963791,3433012243
2015-09-10,Thursday,861,870.5,855.5,867,2531423,2186106317
2015-09-11,Friday,872,876.1,856.2,860.95,2430944,2098282315
2015-09-14,Monday,861.75,865.7,851.9,863.85,1820453,1563528912
2015-09-15,Tuesday,862,870,855.6,868.15,2630944,2274316209
2015-09-16,Wednesday,872.1,877.35,865.2,872.55,3068686,2676215514
2015-09-18,Friday,878.45,899.5,877.15,895.4,7831592,6970523418
2015-09-21,Monday,880,888.2,876.05,878.1,2910364,2567622477
2015-09-22,Tuesday,880,884.9,844.5,847.9,3599162,3100216314
2015-09-23,Wednesday,843,856.8,840,850.35,3479324,2953742570
2015-09-24,Thursday,848,848,834.75,837.35,6646509,5570566522
2015-09-28,Monday,839.8,840.9,828.7,834.25,2657197,2217340373
2015-09-29,Tuesday,830,850.25,826.1,840.75,3623837,3038029132
2015-09-30,Wednesday,851,864.8,838.5,862.3,3952665,3374345923
2015-10-01,Thursday,873.95,873.95,858.6,864.7,1980306,1711170175
2015-10-05,Monday,862.8,890,861.85,888,3660854,3217373613
2015-10-06,Tuesday,895.65,900.5,885.75,898.05,2818498,2518310002
2015-10-07,Wednesday,894.7,918.05,891,913.8,2632179,2378175020
2015-10-08,Thursday,914.9,914.9,886.25,889.1,2457989,2212130070
2015-10-09,Friday,894.05,905.45,881.5,887.35,2132195,1902314415
2015-10-12,Monday,888,901.6,888,891.75,1420049,1270670776
2015-10-13,Tuesday,885.05,896.3,882.9,893.6,1408658,1254250672
2015-10-14,Wednesday,895.8,905,893.95,902.95,1829257,1646229783
2015-10-15,Thursday,907.7,911,900.1,903.7,2068330,1872783598
2015-10-16,Friday,904.5,914.8,903.7,912.15,3485193,3175764998
2015-10-19,Monday,941,965.5,941,963.5,7658875,7326705951
2015-10-20,Tuesday,965,966.7,953,956.7,4135503,3959605692
2015-10-21,Wednesday,955.5,974.8,953,955,3292615,3170968735
2015-10-23,Friday,963.95,973.05,941.15,955.65,2778068,2675010218
2015-10-26,Monday,961.9,963,941.3,942.85,2500420,2370709957
2015-10-27,Tuesday,938.8,948.25,937.4,939.55,2651976,2496676187
2015-10-28,Wednesday,936.9,944.9,929.9,936.95,2733564,2561292472
2015-10-29,Thursday,936,945,934.95,941,3035672,2854567952
2015-10-30,Friday,942.1,955.9,940.1,947.7,3055325,2901385101
2015-11-02,Monday,949,961.5,945.2,959.8,1650838,1573930468
2015-11-03,Tuesday,963.25,970.45,961.25,967.2,2599796,2509909526
2015-11-04,Wednesday,968,975,946.2,951.3,2293418,2206063533
2015-11-05,Thursday,949,951,933,936.6,2461259,2318129285
2015-11-06,Friday,939.45,954.75,937.9,952.4,1912599,1814038443
2015-11-09,Monday,933.5,965,923.45,961.25,3893160,3695240929
2015-11-10,Tuesday,957,959.5,916.3,922.75,2625561,2450815117
2015-11-11,Wednesday,927.1,932.85,927.1,928.45,299511,278193265.4
2015-11-13,Friday,915.05,938.55,914.5,933.05,3127549,2906624223
2015-11-16,Monday,926,942,924.75,934.3,3507963,3278209566
2015-11-17,Tuesday,938.05,938.9,926.2,927.75,1963105,1828573751
2015-11-18,Wednesday,927.6,931.3,909.95,912,2571383,2369198147
2015-11-19,Thursday,918.9,938.7,917.25,934.75,2784876,2593595320
2015-11-20,Friday,934,952.8,925.55,946.85,2583965,2434625109
2015-11-23,Monday,950,957.9,946.2,953.75,2400013,2284167696
2015-11-24,Tuesday,953,971.6,951.05,967.7,3384443,3263129053
2015-11-26,Thursday,971,991.95,968.25,988.65,5441612,5351054045
2015-11-27,Friday,989,992.5,974.1,979.05,2489697,2446752089
2015-11-30,Monday,978.5,984.4,962.3,965.85,6839027,6616381263
2015-12-01,Tuesday,964,978.8,961.25,965.9,2967325,2873866598
2015-12-02,Wednesday,966.25,979.7,964.5,977.95,1731204,1684038388
2015-12-03,Thursday,974.9,988.95,974.1,977.2,2597024,2547027061
2015-12-04,Friday,972.3,976.2,961.4,965.45,3073001,2972905921
2015-12-07,Monday,965.45,973,949.75,952.05,3310778,3169747737
2015-12-08,Tuesday,948.9,953.6,936.1,940.9,1721726,1628485607
2015-12-09,Wednesday,936.2,943.45,912.85,915.9,2097118,1939255721
2015-12-10,Thursday,922.5,953.8,920,950.35,4249865,3997390492
2015-12-11,Friday,951.75,959,942.9,952.95,4150045,3946421063
2015-12-14,Monday,947.6,963.5,946,955.1,2414730,2307622940
2015-12-15,Tuesday,957,977.95,953.65,975.9,3593061,3483432305
2015-12-16,Wednesday,975.9,987.55,973.5,978.65,2765248,2713678998
2015-12-17,Thursday,980.05,1015,978,1009.7,4427435,4410078031
2015-12-18,Friday,1003.8,1009,990,991.9,3661020,3644888836
2015-12-21,Monday,987.9,999,984.35,992.1,2818835,2794289629
2015-12-22,Tuesday,992.8,1002.6,984,987.3,2646828,2627900435
2015-12-23,Wednesday,991.8,1006.9,990,1003.8,2953173,2964130175
2015-12-24,Thursday,1003.9,1007.2,996.3,1000.55,2720569,2722049041
2015-12-28,Monday,1000.6,1013.75,1000,1010.4,2945508,2972724427
2015-12-29,Tuesday,1010.4,1018.7,1007.15,1015.4,3409060,3457505612
2015-12-30,Wednesday,1015,1016,1002,1004.5,1863321,1878062566
2015-12-31,Thursday,1003.4,1019.7,999.1,1014.6,4225066,4274933700
2016-01-01,Friday,1009.8,1018.9,1008.2,1015.35,1238135,1257352825
2016-01-04,Monday,1005,1013.8,986.7,995.3,6896571,6889070475
2016-01-05,Tuesday,1000.3,1010,997,1005.15,3416459,3428125271
2016-01-06,Wednesday,1007.6,1038.4,1000.4,1032.2,6116855,6289073421
2016-01-07,Thursday,1021.05,1028,1008.05,1013.25,4512219,4587700425
2016-01-08,Friday,1020,1032.9,1016.7,1025.75,4871839,4999056504
2016-01-11,Monday,1015.95,1060.8,1011,1051.6,6632671,6950389025
2016-01-12,Tuesday,1055,1065.4,1041.1,1045.45,5342761,5626465576
2016-01-13,Wednesday,1053.1,1089.75,1047.2,1076.85,16412811,17412825596
2016-01-14,Thursday,1063.85,1081,1053.05,1061.65,6359913,6788622870
2016-01-15,Friday,1069.75,1089.5,1065.6,1073.3,6575725,7104390948
2016-01-18,Monday,1075,1083.95,1008.1,1016.85,6229959,6540923210
2016-01-19,Tuesday,1029,1049.8,1014.1,1043.6,4912096,5091435246
2016-01-20,Wednesday,1034.9,1034.9,990,1004.55,10312353,10404327994
2016-01-21,Thursday,1017.55,1025.75,976.7,984.2,7261772,7224376995
2016-01-22,Friday,994.05,1011,994.05,1004.15,5413455,5431058011
2016-01-25,Monday,1010,1018.75,1000,1003.95,2994340,3026275942
2016-01-27,Wednesday,1008.1,1010,996.95,999.35,3943295,3959581189
2016-01-28,Thursday,1001,1021.8,997.1,1016.9,5274473,5339625414
2016-01-29,Friday,1018.95,1040,1018,1035.4,4383577,4527146899
2016-02-01,Monday,1039.95,1041.8,1025.55,1030.3,2267273,2341781935
2016-02-02,Tuesday,1030.3,1032.8,990.5,1001.15,3376466,3423672334
2016-02-03,Wednesday,988,994,975,981.4,3586808,3529766340
2016-02-04,Thursday,988,1001,965.7,973.05,4161079,4090669618
2016-02-05,Friday,979.1,982,961.4,970.9,4799882,4658176118
2016-02-08,Monday,971.1,984.8,957.95,961.05,2760853,2691151281
2016-02-09,Tuesday,952.9,968.8,950,957.5,4481029,4306263438
2016-02-10,Wednesday,951.7,973,948.65,962.65,3859250,3714199986
2016-02-11,Thursday,962.85,965.95,915.5,924.55,3912163,3678803898
2016-02-12,Friday,933.9,933.9,888.1,906.55,6701935,6085411197
2016-02-15,Monday,918,951.35,918,946.75,4407889,4142717540
2016-02-16,Tuesday,951.1,958,927,930.55,2977263,2810849105
2016-02-17,Wednesday,935.1,957.45,916.4,952.6,3529832,3312170035
2016-02-18,Thursday,962.95,968.7,936,940.1,3299161,3131982377
2016-02-19,Friday,940,952.75,937.35,944.35,2339664,2209778479
2016-02-22,Monday,944.1,968.3,944.1,962.3,2919198,2805180452
2016-02-23,Tuesday,963.1,967.2,942.75,949.65,4340746,4160698808
2016-02-24,Wednesday,944.9,958.55,942,952.65,3471311,3307166889
2016-02-25,Thursday,954.2,956.55,940.85,944.1,5675025,5371391774
2016-02-26,Friday,953,958.75,944.3,950.35,1908533,1816331636
2016-02-29,Monday,951.3,994.6,935,966.65,7093474,6816551287
2016-03-01,Tuesday,964.7,985.05,964.65,981.3,3760923,3684645581
2016-03-02,Wednesday,992.9,1005.75,987.25,1001.5,4595886,4590432124
2016-03-03,Thursday,1010,1018,997.5,1012.85,3630006,3663682139
2016-03-04,Friday,1014,1015,1003.5,1006.4,2054428,2070143079
2016-03-08,Tuesday,1007.5,1030.9,1007.5,1027,3022554,3087984351
2016-03-09,Wednesday,1020,1043.9,1018.6,1041.7,2709831,2801141034
2016-03-10,Thursday,1042.05,1045.9,1009,1011.75,4733124,4820313423
2016-03-11,Friday,1014.9,1029.55,1010.6,1014.5,3501676,3569686913
2016-03-14,Monday,1019.1,1026.4,1012.95,1019.75,2715590,2765572642
2016-03-15,Tuesday,1024,1027.85,1015.1,1020.5,2397332,2449201924
2016-03-16,Wednesday,1021,1025.8,1005.45,1021.75,2529074,2568957743
2016-03-17,Thursday,1027,1036.9,1012,1016,3847740,3949732218
2016-03-18,Friday,1018.25,1030.15,1015.7,1027.2,3207246,3284213965
2016-03-21,Monday,1027.95,1041.5,1022.75,1037.3,2904852,2993700834
2016-03-22,Tuesday,1037,1052.25,1035.65,1047.85,3504967,3661562667
2016-03-23,Wednesday,1046.9,1046.9,1022.4,1029.2,3841654,3962605795
2016-03-28,Monday,1030,1031.7,1015.65,1020.4,4130553,4224624949
2016-03-29,Tuesday,1023.8,1042,1020.2,1036.25,3627901,3752397078
2016-03-30,Wednesday,1042.7,1051.75,1042.7,1047.05,3303780,3460764578
2016-03-31,Thursday,1041,1056,1032.7,1045.2,7047985,7368811911
2016-04-01,Friday,1039.1,1046.3,1025,1034.45,2830115,2923641416
2016-04-04,Monday,1040,1042.2,1025.3,1035.05,1973260,2036784077
2016-04-05,Tuesday,1031.35,1042.4,1022.2,1026.95,2345148,2417937240
2016-04-06,Wednesday,1032.1,1036.7,1022.6,1033.75,1597975,1645826296
2016-04-07,Thursday,1034.9,1048,1022.1,1037.25,2009055,2083849370
2016-04-08,Friday,1035.9,1054.45,1031.2,1036.35,3065701,3193915291
2016-04-11,Monday,1037,1045.5,1033,1040.3,2356318,2451516879
2016-04-12,Tuesday,1040.3,1057.45,1038.05,1047.4,2552099,2676798111
2016-04-13,Wednesday,1052.55,1069.9,1052.55,1066.05,3666141,3886222311
2016-04-18,Monday,1065.8,1066.8,1055.4,1064.75,4358102,4624603232
2016-04-20,Wednesday,1069.2,1069.2,1035.8,1037.3,4957497,5179668393
2016-04-21,Thursday,1041.4,1052,1035,1041.15,2601436,2712047919
2016-04-22,Friday,1039,1047.5,1029.3,1038.95,2675586,2780346365
2016-04-25,Monday,1044.45,1044.45,1012.3,1016.9,13979586,14256999658
2016-04-26,Tuesday,1015.4,1023.9,1007.5,1016.95,6041279,6121324712
2016-04-27,Wednesday,1017.9,1025.95,1016,1019.4,3315060,3387251624
2016-04-28,Thursday,1014,1019.2,990.95,996.7,14160507,14237803966
2016-04-29,Friday,993.45,998.55,978.85,982.7,5367060,5297844666
2016-05-02,Monday,979,992.4,978,986.95,2427753,2395582308
2016-05-03,Tuesday,988,994.95,972.75,975.8,4016624,3947642760
2016-05-04,Wednesday,974.05,983.7,973,978.1,3096453,3031966775
2016-05-05,Thursday,980,983.45,970.9,975.25,4952411,4837354465
2016-05-06,Friday,973,976.8,967,968.95,3371220,3273738349
2016-05-09,Monday,975,986,972.8,983.1,3508088,3442124767
2016-05-10,Tuesday,983.1,984.7,978,982.55,1656840,1626181209
2016-05-11,Wednesday,971.8,980.75,970,975.4,2820699,2754314214
2016-05-12,Thursday,976,994.2,975.05,992.8,2922714,2884182558
2016-05-13,Friday,988.95,990.55,975,978.15,3348353,3285903493
2016-05-16,Monday,977,982.5,971.1,975.95,2132072,2081760479
2016-05-17,Tuesday,980.25,983.1,966.35,969.15,2779023,2706668840
2016-05-18,Wednesday,965.9,972.5,964.1,970.55,1880974,1824529637
2016-05-19,Thursday,971.7,971.9,945.6,951.2,2088058,2006009103
2016-05-20,Friday,952,954.5,931.35,934.2,4238988,3997447797
2016-05-23,Monday,937.35,940.7,925.65,930,4198098,3914538268
2016-05-24,Tuesday,928.05,944,928.05,940.45,2807737,2638876532
2016-05-25,Wednesday,949.85,952.8,941.15,951.2,2112135,2002517642
2016-05-26,Thursday,950,952.4,944.1,946.85,3243601,3073707523
2016-05-27,Friday,949.05,976.9,948.75,974.7,3063379,2961741219
2016-05-30,Monday,976.4,981.5,965,968.7,2202091,2140805461
2016-05-31,Tuesday,969,973,956.5,957.85,5333469,5119973489
2016-06-01,Wednesday,957.95,966.1,951.8,953.6,2067034,1982696122
2016-06-02,Thursday,954.5,957.15,945.1,956.25,2343852,2227760801
2016-06-03,Friday,960,962.9,955.85,959.65,1975712,1895977557
2016-06-06,Monday,961,963,952.55,954.8,1982466,1897147293
2016-06-07,Tuesday,957.25,960.95,951.6,955.05,4332627,4142620601
2016-06-08,Wednesday,958,958,949.15,954.1,2773975,2644278170
2016-06-09,Thursday,960,976.45,956.2,971.15,3575840,3472641638
2016-06-10,Friday,974,984.4,968.3,976.7,3729737,3642612996
2016-06-13,Monday,969.9,983.45,963.05,981.1,2334856,2273535313
2016-06-14,Tuesday,980.95,985.4,969.3,976.25,2497008,2440817299
2016-06-15,Wednesday,980,986.5,973.75,984.6,2543921,2493348429
2016-06-16,Thursday,981,983.65,967.05,976.3,2142329,2089779295
2016-06-17,Friday,977,978.65,970.1,974.9,2408096,2346137251
2016-06-20,Monday,972.15,992.6,968,990.2,2459237,2418252128
2016-06-21,Tuesday,994.1,994.15,979.7,987.1,3184865,3139971425
2016-06-22,Wednesday,985,985.9,977.1,980.5,2923284,2866888654
2016-06-23,Thursday,979.95,982,970,980.45,2248693,2193589013
2016-06-24,Friday,964.9,964.9,933.4,951.45,5711173,5409346859
2016-06-27,Monday,940.5,958.4,940.5,955.65,2094599,1997741765
2016-06-28,Tuesday,956.4,961.55,955,957.8,1738370,1666404999
2016-06-29,Wednesday,962,968.95,960,966.9,1719857,1659360681
2016-06-30,Thursday,972,977.5,967.05,969.15,2916329,2831792987
2016-07-01,Friday,972.75,976.8,970,973.45,1510979,1470225446
2016-07-04,Monday,975.5,993.6,975.5,986.7,1783750,1761346964
2016-07-05,Tuesday,986.1,1002.9,980.3,993.1,2596678,2582210954
2016-07-07,Thursday,992.5,1000.5,986.15,987.9,2749648,2728683065
2016-07-08,Friday,987,989,976.35,978.4,1632225,1603394588
2016-07-11,Monday,991,994.95,985.5,992.5,1889606,1873068863
2016-07-12,Tuesday,995.25,1005,991,1003.4,2232685,2229070184
2016-07-13,Wednesday,1005.2,1016.7,1004.15,1008.75,3409386,3446506826
2016-07-14,Thursday,1008.1,1014.1,998.25,1004.9,2459183,2474605487
2016-07-15,Friday,1009,1021,1003.5,1012.2,3198562,3241175869
2016-07-18,Monday,1028,1038.75,1001.75,1006.25,7339086,7518309445
2016-07-19,Tuesday,1006,1022.95,995.3,1017.8,3805750,3844707695
2016-07-20,Wednesday,1019.95,1028.3,1016.55,1023,2803645,2866191225
2016-07-21,Thursday,1024,1025,1005,1006.35,1534044,1551205389
2016-07-22,Friday,1006,1017.8,1005.1,1014.85,1577114,1598204862
2016-07-25,Monday,1014,1023.75,1007.35,1022.75,1883884,1914975226
2016-07-26,Tuesday,1023,1034.8,1015.2,1024.05,2403872,2471965451
2016-07-27,Wednesday,1023.05,1026,1008.95,1013.1,2521448,2564577316
2016-07-28,Thursday,1014.95,1030.5,1013.05,1026.35,3568375,3649633314
2016-07-29,Friday,1024,1024.9,1012,1014.9,2201164,2236478542
2016-08-01,Monday,1018,1020.3,1005.05,1009.5,1823694,1846202182
2016-08-02,Tuesday,1008,1020,1006.3,1012.8,1762408,1788291755
2016-08-03,Wednesday,1014.4,1014.4,991.5,993.95,2713804,2708366174
2016-08-04,Thursday,999,1000,983.4,993,2328716,2306189259
2016-08-05,Friday,998,1019,997.05,1016.25,2767914,2790650163
2016-08-08,Monday,1019.9,1034,1018.65,1029.25,3098753,3190040712
2016-08-09,Tuesday,1027,1034.5,1021,1030.7,3038046,3122459911
2016-08-10,Wednesday,1031.25,1034.55,1002,1003.65,3079463,3116960499
2016-08-11,Thursday,1001.95,1022.85,999.6,1014.1,3238899,3282503483
2016-08-12,Friday,1017,1042.9,1017,1035.8,3740861,3863571902
2016-08-16,Tuesday,1036.25,1044.8,1015.5,1024.9,3055603,3141211271
2016-08-17,Wednesday,1024.1,1028.8,1007.2,1013.3,3539970,3594983479
2016-08-18,Thursday,1016,1023.65,1016,1018.05,1771449,1805112795
2016-08-19,Friday,1018,1022,1007.1,1014.9,1869308,1898300779
2016-08-22,Monday,1012,1019.7,1007.2,1011.85,1527904,1547496176
2016-08-23,Tuesday,1012,1015,1005,1010.45,1673328,1690268899
2016-08-24,Wednesday,1011.7,1021.95,1011,1020.5,1993153,2027291124
2016-08-25,Thursday,1021.2,1029,1009,1012.7,3419775,3481068525
2016-08-26,Friday,1017.9,1030.8,1014.6,1027.9,2203465,2258151955
2016-08-29,Monday,1027.25,1059.75,1026.1,1057.45,3701495,3872133055
2016-08-30,Tuesday,1062,1068.5,1053,1066.4,4153522,4414855721
2016-08-31,Wednesday,1064.9,1074,1047,1060,5324960,5665324907
2016-09-01,Thursday,1053,1072.75,1025.7,1029.2,9742454,10234626989
2016-09-02,Friday,1031.1,1032.55,1002.3,1013.35,6428814,6517819698
2016-09-06,Tuesday,1019.9,1025,1015,1019.9,2631091,2681861446
2016-09-07,Wednesday,1022,1027.05,1013.05,1017.65,2954995,3011590628
2016-09-08,Thursday,1023.05,1035.95,1020.2,1033.4,2790196,2876333145
2016-09-09,Friday,1035,1049.9,1030,1044.55,3490441,3638707846
2016-09-12,Monday,1030.4,1056,1029.15,1046.5,7699800,8061595469
2016-09-14,Wednesday,1048,1059,1040.9,1044.75,4252754,4461991599
2016-09-15,Thursday,1047,1070.2,1047,1065,7170885,7567970041
2016-09-16,Friday,1067,1093.85,1059.1,1075.55,8988926,9710711353
2016-09-19,Monday,1072.55,1088,1071,1082.4,3812324,4120984369
2016-09-20,Tuesday,1084,1084.75,1069.05,1074.2,2635854,2836524443
2016-09-21,Wednesday,1074,1084.9,1069,1072.25,2501476,2690360398
2016-09-22,Thursday,1083,1095.8,1079,1088.95,4288544,4675251073
2016-09-23,Friday,1089,1109.45,1089,1102.8,7105725,7818310313
2016-09-26,Monday,1103.4,1129.55,1100.25,1107.2,8734943,9771217522
2016-09-27,Tuesday,1117,1125.95,1106.6,1110.5,4428693,4939498790
2016-09-28,Wednesday,1107.9,1108,1086.3,1090.65,5673488,6198865983
2016-09-29,Thursday,1095,1110.75,1067.4,1072.45,4859746,5272989986
2016-09-30,Friday,1068,1094.55,1066.3,1083.7,2560105,2772082002
2016-10-03,Monday,1087,1107.95,1076.25,1090.7,4143109,4529687733
2016-10-04,Tuesday,1093.05,1108.3,1092,1096.35,2997544,3299004036
2016-10-05,Wednesday,1104,1106.5,1085.8,1089.4,2466397,2701225312
2016-10-06,Thursday,1092,1126.25,1092,1110.8,4825630,5376475095
2016-10-07,Friday,1114,1123.05,1106.5,1109,3492838,3891447818
2016-10-10,Monday,1114,1122,1094,1096.35,2640973,2920222668
2016-10-13,Thursday,1089,1089.05,1052,1057.15,5014667,5354276741
2016-10-14,Friday,1063,1082,1061.65,1077.65,3489473,3745322971
2016-10-17,Monday,1080,1080.8,1058.75,1060.65,2246237,2400217762
2016-10-18,Tuesday,1066,1082.75,1062.05,1081.1,2531133,2725292003
2016-10-19,Wednesday,1084.45,1094.7,1081.4,1087.35,3902656,4248885070
2016-10-20,Thursday,1093.95,1098,1084.05,1087.55,2314521,2522655591
2016-10-21,Friday,1097,1097,1058.4,1064.2,9968242,10656537355
2016-10-24,Monday,1070,1074,1060.65,1063.3,2403099,2565001759
2016-10-25,Tuesday,1065,1065.25,1054.2,1060.85,1750711,1855315528
2016-10-26,Wednesday,1056.05,1059.45,1052.1,1054.05,2502055,2638835504
2016-10-27,Thursday,1051.1,1053.9,1043.4,1048.7,2935574,3078514158
2016-10-28,Friday,1050,1058,1043.8,1054.95,1857917,1955599208
2016-10-30,Sunday,1058.75,1058.75,1046.3,1051.2,362170,381202360.2
2016-11-01,Tuesday,1051.3,1055.95,1047.4,1051,2337011,2456355916
2016-11-02,Wednesday,1041,1042.85,1021,1023.75,1609225,1657027215
2016-11-03,Thursday,1023.85,1034.75,1020.6,1023.95,1671371,1718133325
2016-11-04,Friday,1020.25,1026.9,1000,1005.55,2636911,2665480457
2016-11-07,Monday,1014,1016.55,999.05,1001.15,2172921,2183786373
2016-11-08,Tuesday,1005.7,1005.7,998.3,1003.5,3070346,3075564144
2016-11-09,Wednesday,950,1009,930,1004.6,4946573,4854675034
2016-11-10,Thursday,1018.6,1028.95,1007,1010.4,2231907,2272175380
2016-11-11,Friday,997.85,1017.5,995.1,1001.75,3377392,3390025727
2016-11-15,Tuesday,996.5,1000,979.55,985.4,3311592,3274482016
2016-11-16,Wednesday,995,996.8,980.7,986.55,3783226,3747602868
2016-11-17,Thursday,986,998.15,974.4,977.75,2886635,2849709344
2016-11-18,Friday,985,992.7,982,987.5,4151928,4101257453
2016-11-21,Monday,987.55,993.55,983.2,991.5,3024712,2991285792
2016-11-22,Tuesday,997.7,1007.8,993.3,1001.45,4033660,4036245792
2016-11-23,Wednesday,1005,1010.5,999.55,1009,2996248,3012288585
2016-11-24,Thursday,1005.55,1005.55,982.2,987.35,4323375,4278988686
2016-11-25,Friday,990,995.9,984.35,993.7,2389829,2365422434
2016-11-28,Monday,993,1000.6,984.1,986.65,1900161,1884801099
2016-11-29,Tuesday,989,1004.3,988.05,997.7,2259609,2259387576
2016-11-30,Wednesday,999.95,999.95,986.65,990.05,6308004,6245953461
2016-12-01,Thursday,1000,1015,995,997.75,2886513,2899649144
2016-12-02,Friday,995.9,1005,991.8,994.75,2853045,2851867040
2016-12-05,Monday,995,999.7,986.5,993.85,911410,905170181.8
2016-12-06,Tuesday,996,1006.55,994.6,1005.2,1537535,1538464382
2016-12-07,Wednesday,1004,1007.6,996.35,999.15,1127113,1130270449
2016-12-08,Thursday,1005.05,1021.8,1004.35,1020.05,2000230,2034423374
2016-12-09,Friday,1022,1031.85,1020.3,1028.95,1883333,1936017722
2016-12-12,Monday,1020.5,1041.7,1020.5,1027.2,2062700,2133530208
2016-12-13,Tuesday,1028,1041,1027.55,1039.8,2369453,2458635174
2016-12-14,Wednesday,1039.8,1064.45,1038.2,1059.5,5517829,5830998013
2016-12-15,Thursday,1052.4,1067.6,1048.65,1052.95,4418967,4681049111
2016-12-16,Friday,1052,1062,1052,1057.15,3415537,3611399948
2016-12-19,Monday,1055,1066.95,1054.35,1062.55,3430950,3649521700
2016-12-20,Tuesday,1054.7,1061,1053.15,1057.9,2671719,2828402959
2016-12-21,Wednesday,1060.1,1067.3,1057.2,1063.25,4655758,4940302653
2016-12-22,Thursday,1058,1062.65,1050.95,1053.35,6604416,6990846841
2016-12-23,Friday,1052,1068.95,1052,1057.3,2346414,2486990080
2016-12-26,Monday,1054.35,1066,1044.65,1047.45,3502299,3700130720
2016-12-27,Tuesday,1047.85,1067.1,1047,1064.7,3987142,4212155359
2016-12-28,Wednesday,1067.9,1069.55,1047.1,1049.7,2202927,2330463999
2016-12-29,Thursday,1050,1068.8,1049.5,1065.45,2005206,2123298035
2016-12-30,Friday,1064.8,1085,1063.1,1082.4,3591493,3877071530
2017-01-02,Monday,1084,1090,1072.35,1085.1,1622458,1763016191
2017-01-03,Tuesday,1089.85,1097,1081.1,1089.4,1470751,1605682135
2017-01-04,Wednesday,1092.9,1093,1064.3,1067.15,2375547,2547513624
2017-01-05,Thursday,1071,1079.9,1068.75,1077.4,1996483,2150451749
2017-01-06,Friday,1074.2,1085,1073.1,1074.95,1793427,1934704005
2017-01-09,Monday,1077,1086,1071,1077.7,1195257,1290170893
2017-01-10,Tuesday,1080,1094.4,1080,1089.85,2594400,2827464834
2017-01-11,Wednesday,1095,1095.7,1084,1086.05,2623211,2852942524
2017-01-12,Thursday,1087,1090.35,1079.8,1083.3,999364,1083937776
2017-01-13,Friday,1084.55,1097.5,1084.55,1090.4,1653669,1805654453
2017-01-16,Monday,1089.95,1093.95,1073.95,1076.25,2746005,2961250762
2017-01-17,Tuesday,1065,1068,1038.5,1041.25,8968290,9409827087
2017-01-18,Wednesday,1042.6,1048,1028.75,1032.55,3627071,3759369531
2017-01-19,Thursday,1035.15,1045.3,1031,1033.7,3493728,3623411808
2017-01-20,Friday,1033.95,1037.45,1023.9,1025.8,2008082,2067168054
2017-01-23,Monday,1021.8,1031,1012.8,1015.9,3133533,3194244709
2017-01-24,Tuesday,1017,1028.8,1017,1027.3,2153091,2205027804
2017-01-25,Wednesday,1032,1032.7,1016.15,1017.3,5453230,5562884614
2017-01-27,Friday,1020.25,1028.9,1019,1025.1,4997239,5119264082
2017-01-30,Monday,1024.95,1046.45,1024.8,1044.8,3583756,3721227069
2017-01-31,Tuesday,1046.85,1053.8,1040.3,1045.2,3457365,3617029514
2017-02-01,Wednesday,1046.1,1050.9,1035.2,1049.65,2585798,2701805551
2017-02-02,Thursday,1050,1050.8,1038.25,1043.5,2079908,2167729582
2017-02-03,Friday,1046,1050.45,1030.1,1033.65,3021751,3137286044
2017-02-06,Monday,1037,1044.9,1032.05,1041.65,2283982,2371255826
2017-02-07,Tuesday,1042,1042.35,1027.2,1030.9,2264245,2336537922
2017-02-08,Wednesday,1030.9,1038.25,1022,1025.15,3710094,3812874885
2017-02-09,Thursday,1028,1034,1026.8,1032.75,2254216,2323159365
2017-02-10,Friday,1035,1035.55,1025.55,1030.15,2861531,2949922515
2017-02-13,Monday,1033,1034,1022,1029.85,1957988,2009983985
2017-02-14,Tuesday,1035,1052.9,1029.9,1049.8,4170414,4368108267
2017-02-15,Wednesday,1052.9,1057.5,1045.25,1051.3,3482845,3667220076
2017-02-16,Thursday,1052.55,1069.45,1052.55,1067.5,4492847,4773923841
2017-02-17,Friday,1066.5,1078.2,1058.45,1075.5,3393856,3633367038
2017-02-20,Monday,1070.55,1078.85,1066.5,1075.4,2663127,2861806843
2017-02-21,Tuesday,1075.2,1090.95,1073.05,1088.2,3242790,3517853374
2017-02-22,Wednesday,1093,1211.65,1092,1207.5,29103926,34279184225
2017-02-23,Thursday,1213.6,1222,1179.35,1182.75,14229234,17023004701
2017-02-27,Monday,1190.5,1256.8,1190.35,1238.9,19068911,23683416514
2017-02-28,Tuesday,1232,1248,1228.5,1238.05,8254531,10241229539
2017-03-01,Wednesday,1240.1,1244.4,1230,1234.5,5574153,6902376076
2017-03-02,Thursday,1237.9,1254.7,1227.05,1236.75,4129033,5124164950
2017-03-03,Friday,1241.55,1287.8,1241.55,1258.55,19270851,24456422018
2017-03-06,Monday,1269,1312,1265.25,1305.35,15252154,19803196906
2017-03-07,Tuesday,1318.85,1327,1296.15,1304.95,9616850,12590518108
2017-03-08,Wednesday,1307.7,1307.7,1286.1,1291.2,9906103,12825718918
2017-03-09,Thursday,1290,1298,1281.5,1286.75,7107670,9150874647
2017-03-10,Friday,1290.25,1296,1261.2,1281.65,5665568,7264671760
2017-03-14,Tuesday,1318.75,1319,1285.25,1289.5,6346620,8244794509
2017-03-15,Wednesday,1291.05,1316.3,1290.4,1304.95,5510658,7201863486
2017-03-16,Thursday,1310,1310.4,1293.6,1297.65,3639964,4732822404
2017-03-17,Friday,1308,1319.95,1298.05,1300.7,5195076,6768124195
2017-03-20,Monday,1306,1306.25,1278.35,1280.8,2941714,3788456426
2017-03-21,Tuesday,1282.2,1283.9,1259.3,1263.8,5165107,6560786986
2017-03-22,Wednesday,1252,1265.9,1246.55,1259.7,4638338,5830800371
2017-03-23,Thursday,1263.15,1277.55,1258,1273.3,2699090,3426224947
2017-03-24,Friday,1274.1,1292,1268.45,1286.75,3721911,4773078555
2017-03-27,Monday,1271.1,1278.75,1247.2,1251.1,7418122,9333736052
2017-03-28,Tuesday,1258,1264,1242.1,1245.75,4961934,6200976653
2017-03-29,Wednesday,1251.7,1260,1233.35,1256.65,4325787,5392124743
2017-03-30,Thursday,1255,1274.75,1253,1270.65,6368859,8075111743
2017-03-31,Friday,1266,1337.65,1266,1320.9,10375519,13602917637
2017-04-03,Monday,1342,1380.5,1337.05,1374.65,10260327,14014070971
2017-04-05,Wednesday,1395.2,1418,1380.1,1415,9217360,12910386481
2017-04-06,Thursday,1409,1448.9,1402.2,1438.5,11571075,16537975353
2017-04-07,Friday,1421.3,1434,1402.55,1406.6,7286151,10343188455
2017-04-10,Monday,1410,1424.9,1377.3,1381.35,7033141,9825093896
2017-04-11,Tuesday,1387.85,1400.45,1370.1,1372.35,7371727,10194385221
2017-04-12,Wednesday,1382.8,1386.45,1351.15,1354,6274215,8556264241
2017-04-13,Thursday,1354,1373.4,1347.35,1364.8,2906188,3969077630
2017-04-17,Monday,1365,1395.55,1365,1391.85,2705854,3735039098
2017-04-18,Tuesday,1399.95,1410,1367,1370.2,3661083,5101601216
2017-04-19,Wednesday,1369,1382.55,1357.55,1368.8,2645292,3620655412
2017-04-20,Thursday,1379,1386.8,1364.1,1369.55,1918612,2631919172
2017-04-21,Friday,1380.5,1421,1378.55,1402.5,6910277,9705482124
2017-04-24,Monday,1409.05,1435,1400.2,1417.4,5831731,8273693518
2017-04-25,Tuesday,1460,1467.75,1426.1,1432.8,8403704,12125713088
2017-04-26,Wednesday,1435,1440.05,1402.6,1416.45,3831775,5446671309
2017-04-27,Thursday,1417,1424.15,1402.2,1409.5,2873655,4047372599
2017-04-28,Friday,1409.75,1420.3,1391,1395.2,2708404,3802054530
2017-05-02,Tuesday,1402,1402,1366.3,1370.55,4249684,5846767714
2017-05-03,Wednesday,1376.9,1380.75,1365,1370.1,2171549,2977965401
2017-05-04,Thursday,1375,1379.6,1354.05,1357.95,3283811,4480138684
2017-05-05,Friday,1361.6,1367.35,1325,1328.25,3565543,4791006381
2017-05-08,Monday,1330,1339.5,1318.35,1321.4,3672585,4877180992
2017-05-09,Tuesday,1324,1333.65,1320.25,1330.35,4824511,6414062773
2017-05-10,Wednesday,1334.8,1363.6,1330.65,1359.1,5235932,7082604050
2017-05-11,Thursday,1364.1,1369.75,1351.65,1359.55,3150756,4288166983
2017-05-12,Friday,1360.05,1364,1344.05,1350.45,1719729,2324243177
2017-05-15,Monday,1356.4,1356.4,1333.5,1344.1,1540213,2070378803
2017-05-16,Tuesday,1346.05,1376.9,1341,1356.3,2892947,3936121464
2017-05-17,Wednesday,1353,1365.95,1347.75,1353.1,2250304,3047263294
2017-05-18,Thursday,1340.25,1350,1324.1,1327.35,2237916,2990177747
2017-05-19,Friday,1333,1335.7,1310,1318.85,2928883,3871939701
2017-05-22,Monday,1326.5,1333.6,1315.2,1324.15,2011859,2661318293
2017-05-23,Tuesday,1325.7,1329.85,1302,1305.55,2108223,2769246987
2017-05-24,Wednesday,1307.5,1313.7,1295.1,1297.7,3274804,4266122162
2017-05-25,Thursday,1300,1312.4,1296.45,1302.45,5925335,7721842990
2017-05-26,Friday,1303.95,1344.4,1300,1337.3,4898639,6467102969
2017-05-29,Monday,1337,1365.45,1335.6,1356.9,5491170,7428268297
2017-05-30,Tuesday,1355.9,1364.7,1348.5,1359.35,2207727,2996431672
2017-05-31,Wednesday,1367,1367.95,1335.8,1340.7,3754099,5055552392
2017-06-01,Thursday,1332.7,1340,1323,1328.25,2179328,2896998252
2017-06-02,Friday,1335,1338.7,1317,1324.75,2627565,3484908658
2017-06-05,Monday,1326.25,1341,1315.85,1329.35,2476706,3290662701
2017-06-06,Tuesday,1333.95,1333.95,1311,1312.8,2192356,2894270055
2017-06-07,Wednesday,1311.2,1342,1309,1339,2559954,3399718610
2017-06-08,Thursday,1340,1344.8,1328.05,1331.7,1806521,2406881915
2017-06-09,Friday,1345.1,1352.95,1331,1335.7,3162802,4241088719
2017-06-12,Monday,1326.55,1329.75,1317,1319.45,1927513,2546372487
2017-06-13,Tuesday,1320.6,1327,1311,1314.35,1377291,1816467341
2017-06-14,Wednesday,1315.9,1360,1315.9,1357.5,12101027,16312963495
2017-06-15,Thursday,1360,1395,1359.1,1383.95,6466804,8921027745
2017-06-16,Friday,1389.1,1395.8,1369.3,1388.8,7477157,10354166800
2017-06-19,Monday,1390.2,1415.8,1390.2,1409.25,3482912,4908755460
2017-06-20,Tuesday,1409,1422.1,1407.45,1412.35,2318399,3279484043
2017-06-21,Wednesday,1407.8,1428,1404.25,1422,4569943,6482764628
2017-06-22,Thursday,1429.45,1445.4,1427.7,1432.65,5055942,7271102905
2017-06-23,Friday,1436,1442,1430.6,1435.85,7118832,10234862867
2017-06-27,Tuesday,1432,1443,1425,1437.15,7449878,10680534186
2017-06-28,Wednesday,1439.95,1439.95,1395.55,1398.5,3558538,5012497440
2017-06-29,Thursday,1400,1410,1390.1,1392.7,2948322,4120928819
2017-06-30,Friday,1392,1392.4,1375.05,1380,1786211,2467964901
2017-07-03,Monday,1388.2,1394.7,1371,1381.05,2101886,2904674175
2017-07-04,Tuesday,1390,1427.1,1389,1421.95,4301200,6071002327
2017-07-05,Wednesday,1429.45,1447.45,1424,1442.65,6219522,8960156338
2017-07-06,Thursday,1448.7,1450,1438,1442.55,3106517,4486436977
2017-07-07,Friday,1443,1497.75,1440,1491.15,8193635,12024672967
2017-07-10,Monday,1530,1550,1489.1,1492.85,815433,1219206576
2017-07-11,Tuesday,1501,1504.4,1487,1494.35,4799229,7175215647
2017-07-12,Wednesday,1499.4,1525,1497.5,1511.1,3909797,5912789615
2017-07-13,Thursday,1508.75,1525,1506.15,1522.1,5259759,7975613062
2017-07-14,Friday,1520,1536,1515.55,1533.75,4693011,7169211717
2017-07-17,Monday,1537,1559.6,1537,1551.75,4285809,6646109252
2017-07-18,Tuesday,1546.8,1551.8,1511,1519.9,4489412,6853087595
2017-07-19,Wednesday,1512.6,1538,1512.6,1532.95,2695041,4116718439
2017-07-20,Thursday,1539.75,1550,1523.7,1528.9,3114686,4782481317
2017-07-21,Friday,1550,1591.7,1544.95,1585,22205112,34908155069
2017-07-24,Monday,1600,1624.9,1585,1615.25,9927229,16018796812
2017-07-25,Tuesday,1624.7,1624.95,1597.6,1602.15,4586079,7384713585
2017-07-26,Wednesday,1604.2,1629.9,1601.1,1622.75,5018389,8133382696
2017-07-27,Thursday,1628,1631.5,1588.35,1594.8,4208071,6770133069
2017-07-28,Friday,1591.25,1605.95,1578,1594.45,3276023,5216321536
2017-07-31,Monday,1601.95,1618.8,1596,1615.2,3787034,6098027727
2017-08-01,Tuesday,1622.75,1622.75,1591.5,1603.6,2814298,4516958842
2017-08-02,Wednesday,1610,1635.7,1608.1,1629.2,4751385,7717586946
2017-08-03,Thursday,1626.85,1664.9,1617.05,1650.1,4504776,7412507561
2017-08-04,Friday,1663,1663,1615.1,1622.15,4247045,6905703756
2017-08-07,Monday,1631.6,1631.6,1612.55,1616.35,2180018,3533598682
2017-08-08,Tuesday,1618,1621.05,1586.8,1602.55,2505568,4022476841
2017-08-09,Wednesday,1601.5,1620,1585,1598.8,2385643,3830853343
2017-08-10,Thursday,1593.05,1606.65,1577.95,1584.35,2328843,3704143392
2017-08-11,Friday,1550.95,1580,1533,1546.25,3885064,6053534862
2017-08-14,Monday,1561,1584.5,1561,1573.05,3072299,4833153047
2017-08-16,Wednesday,1572,1576,1550.2,1566.1,3103394,4847251821
2017-08-17,Thursday,1569,1597.65,1561.15,1567.1,3618179,5716789490
2017-08-18,Friday,1564,1577.8,1553.15,1575.4,1814011,2846062732
2017-08-21,Monday,1577,1584.15,1560.25,1564.4,1731188,2719841501
2017-08-22,Tuesday,1572,1579.9,1556.05,1560.05,2179230,3418790348
2017-08-23,Wednesday,1564.85,1586.55,1553.15,1582.05,1901824,2981782351
2017-08-24,Thursday,1590,1593.1,1564.5,1568.05,2892571,4558488606
2017-08-28,Monday,1579.05,1581.95,1561.2,1566.55,2815328,4414602361
2017-08-29,Tuesday,1561.85,1567.5,1530,1532.15,3466421,5350330120
2017-08-30,Wednesday,1547.55,1568.8,1541.25,1564.1,2362387,3681230671
2017-08-31,Thursday,1575,1597.45,1574,1594.5,5738495,9108681150
2017-09-01,Friday,1599.85,1616.6,1599,1610.1,3527477,5675773297
2017-09-04,Monday,1615.5,1636.15,1595.85,1613.35,4928375,7967844929
2017-09-05,Tuesday,1630,1634.85,1621.05,1632.6,5764131,9395875386
2017-09-06,Wednesday,1626.4,1652.5,1622.8,1645.4,11142512,18339508180
2017-09-07,Thursday,823,832.5,815,818.1,7408536,6093238362
2017-09-08,Friday,820,823.25,812.1,816.9,6056729,4950161480
2017-09-11,Monday,821.3,826.85,816.55,817.9,5801712,4772966391
2017-09-12,Tuesday,822.75,825,817,823.75,2971669,2441997855
2017-09-13,Wednesday,824,859.9,822,849,13430225,11375039392
2017-09-14,Thursday,855.8,861.5,842,843.85,5425486,4613369237
2017-09-15,Friday,842,852.85,834.75,841.8,13072853,11007221826
2017-09-18,Monday,850,851.05,843.1,845.55,2314174,1960493731
2017-09-19,Tuesday,848.7,848.75,837,838.6,3528729,2963055860
2017-09-20,Wednesday,856.1,872.5,845.1,847.15,11402965,9759876154
2017-09-21,Thursday,847,851.7,836.25,841.35,5920552,4983709462
2017-09-22,Friday,839.9,839.9,813.2,817.4,5620443,4635015514
2017-09-25,Monday,815,827.95,805.2,821.55,6505309,5321937993
2017-09-26,Tuesday,821.7,827.05,812.2,820.1,4829571,3956299338
2017-09-27,Wednesday,825.6,825.7,795.5,799.15,8434196,6796763903
2017-09-28,Thursday,799.65,802.9,780.2,786.45,13508179,10666240867
2017-09-29,Friday,791.75,793.4,779.1,780.9,7619230,5984977307
2017-10-03,Tuesday,795,803.85,785.35,798.35,8387059,6691289331
2017-10-04,Wednesday,799.2,824.95,795.6,818.85,8643924,7016116516
2017-10-05,Thursday,825,828.45,818.65,824.15,4860479,4001818827
2017-10-06,Friday,824,839.35,822.6,837.05,5942106,4946321213
2017-10-09,Monday,839,839.8,828,830.65,4046109,3367411681
2017-10-10,Tuesday,831,847.3,831,843.2,6734986,5672427724
2017-10-11,Wednesday,845.3,858.4,836,840.15,7049800,5984845576
2017-10-12,Thursday,842.1,876.8,842.1,872.75,8522926,7329142509
2017-10-13,Friday,879.3,890.7,873.35,876.45,9833512,8657585192
2017-10-16,Monday,879,892,861.3,876.8,14633539,12835077762
2017-10-17,Tuesday,878,884,867.2,874.35,6354084,5558696928
2017-10-18,Wednesday,877.4,917.9,875,914.5,16765178,15123276190
2017-10-19,Thursday,915.8,921.9,903,909.9,3664082,3352403287
2017-10-23,Monday,912.9,944.7,909.1,939.75,12551649,11677979383
2017-10-24,Tuesday,947.7,947.7,928.2,934.25,6335308,5934642216
2017-10-25,Wednesday,940.1,945.9,929.5,939.9,4577050,4291419530
2017-10-26,Thursday,940,957.8,931,947.4,7698704,7264042925
2017-10-27,Friday,950,956.7,925.7,929.85,5256749,4921139448
2017-10-30,Monday,934,945.55,930.6,942.5,3576533,3359929915
2017-10-31,Tuesday,944.95,945.75,932.2,940.85,4345360,4077373480
2017-11-01,Wednesday,947.75,957.8,945.75,952.55,8033040,7650355597
2017-11-02,Thursday,952.8,956.5,944.25,946.6,4698609,4466520209
2017-11-03,Friday,955.95,955.95,940.15,945.3,2193730,2073948027
2017-11-06,Monday,942.5,942.5,929,932.5,4460799,4172898902
2017-11-07,Tuesday,933.35,935,903.05,906.7,9347943,8511592121
2017-11-08,Wednesday,902.5,906,884.1,887.8,8115980,7238759485
2017-11-09,Thursday,894.75,909.9,892.05,900.5,6860798,6188162918
2017-11-10,Friday,900.95,900.95,879.2,883.85,6365174,5644664493
2017-11-13,Monday,885,891.9,873.5,875.25,4155011,3652510603
2017-11-14,Tuesday,875,895,873,886.7,5706105,5055092471
2017-11-15,Wednesday,884.5,890.6,877.95,883.7,6981872,6175039788
2017-11-16,Thursday,885.5,906,885.5,903.85,6931038,6238352388
2017-11-17,Friday,918.95,924.9,908.5,911.9,5586242,5118671948
2017-11-20,Monday,906.2,924.35,905,920.85,4220192,3868228235
2017-11-21,Tuesday,926.8,939.65,925.5,932.55,5980763,5587246391
2017-11-22,Wednesday,937.45,938.65,923.45,930.75,5055490,4702768893
2017-11-23,Thursday,931,949.9,926.65,947,7329126,6891873715
2017-11-24,Friday,950,959.5,947.4,951.1,6394443,6091020187
2017-11-27,Monday,947.25,957.5,944,951.35,4680074,4444266974
2017-11-28,Tuesday,949.85,951.35,938.1,943.35,4641893,4382634300
2017-11-29,Wednesday,941.85,950,941,946,3674864,3479372053
2017-11-30,Thursday,941.45,941.45,919.5,921.55,9434893,8733894422
2017-12-01,Friday,924.45,931.25,907.7,910.1,5081389,4665846806
2017-12-04,Monday,913.5,913.8,897.35,901.6,4618847,4170229646
2017-12-05,Tuesday,901.05,920.75,895.45,913.7,8369174,7631456011
2017-12-06,Wednesday,910,930.3,908.8,926.65,11007689,10161404380
2017-12-07,Thursday,930.05,936,923,931.55,5529565,5135253669
2017-12-08,Friday,933.85,936.95,919.05,921,5588486,5172651632
2017-12-11,Monday,922.45,926,913.55,916.15,4933853,4527638393
2017-12-12,Tuesday,915.95,929,908,915.6,7215014,6643269136
2017-12-13,Wednesday,916.9,924.95,910.7,914.65,4182097,3843490644
2017-12-14,Thursday,919,924.9,908.75,921.5,5021130,4598789868
2017-12-15,Friday,931,932.95,917.7,919.75,11158706,10295851305
2017-12-18,Monday,911.95,932.65,862.65,921,8494801,7783599546
2017-12-19,Tuesday,923.6,927,920,925.95,4064982,3757097202
2017-12-20,Wednesday,925.9,927.4,917,918.15,4774414,4395253600
2017-12-21,Thursday,918.45,923.95,910,912.95,4147162,3804108015
2017-12-22,Friday,914.65,922.4,909.3,920.4,4872675,4472795835
2017-12-26,Tuesday,924.85,938.9,918.15,929.8,5301456,4904644711
2017-12-27,Wednesday,933,937.5,919,923.75,4352384,4048927002
2017-12-28,Thursday,925.25,934.4,919.1,924.2,7091515,6558467599
2017-12-29,Friday,926.5,932.3,918.5,921.05,5069838,4685185007
2018-01-01,Monday,922.7,922.7,907.5,909.75,4321686,3947568944
2018-01-02,Tuesday,913,919.55,906.4,911.15,4342815,3964649170
2018-01-03,Wednesday,925,926,913.05,914.8,6175312,5681898483
2018-01-04,Thursday,918.15,921.8,915.7,920.3,4118581,3785310187
2018-01-05,Friday,921.8,926.9,920.25,923.25,3401905,3140379429
2018-01-08,Monday,926.1,931,923.5,928.55,4035417,3742538282
2018-01-09,Tuesday,928.15,943.9,924,940.95,6534997,6133531768
2018-01-10,Wednesday,943,947.4,935.5,942.35,5361502,5051241312
2018-01-11,Thursday,941.8,942.65,935,937.75,3588727,3372263779
2018-01-12,Friday,943,952.8,938.25,949,6890028,6523589663
2018-01-15,Monday,950,958.5,945.2,949.15,5084113,4842989337
2018-01-16,Tuesday,947.7,947.7,920,922.95,4948895,4606622461
2018-01-17,Wednesday,926,929,907,924.5,6036432,5562354162
2018-01-18,Thursday,929,929.6,915.1,919.7,4289053,3955927032
2018-01-19,Friday,923,934.4,922.1,931.3,4559564,4233444944
2018-01-22,Monday,948,974.3,940,971.5,20892838,20053133154
2018-01-23,Tuesday,975,990.95,975,983.25,10298500,10140509292
2018-01-24,Wednesday,981.75,981.75,962.65,966.35,6532672,6324642038
2018-01-25,Thursday,967.9,972,956.15,965.9,6249419,6024404785
2018-01-29,Monday,966.2,977.3,959.3,964.5,4524605,4382895108
2018-01-30,Tuesday,965.8,965.8,949,950.4,4198139,4015232068
2018-01-31,Wednesday,950,964.5,941.55,961.3,5738209,5501909579
2018-02-01,Thursday,963.25,972.6,936.6,943.85,7554587,7215260532
2018-02-02,Friday,935,943.95,901,904.35,13242095,12149575193
2018-02-05,Monday,894,912.5,881.8,902.15,8773525,7913964633
2018-02-06,Tuesday,877,898,871,892.1,11000567,9726627414
2018-02-07,Wednesday,902.55,905.4,890,894.4,7100838,6373167727
2018-02-08,Thursday,897.9,910.65,892.35,904.55,6320734,5708726206
2018-02-09,Friday,889,902,886,897.85,5294279,4743532840
2018-02-12,Monday,903,918.2,902.05,915.5,5429792,4942032259
2018-02-14,Wednesday,923,942.5,921,933.65,10170959,9468181695
2018-02-15,Thursday,937.65,945.75,928.15,935.65,6109454,5731058556
2018-02-16,Friday,939.6,942.6,918.1,921.3,4401672,4094973055
2018-02-19,Monday,921,932,913.55,927,4087936,3770665441
2018-02-20,Tuesday,929,929.55,918.8,921.1,3866919,3569595828
2018-02-21,Wednesday,930,932.5,922.15,929.35,5448230,5051677024
2018-02-22,Thursday,922,931,920,924.35,5118850,4734779151
2018-02-23,Friday,925.4,938,922.75,934.25,4850839,4519877657
2018-02-26,Monday,939,944.9,936.6,938.7,3856478,3630113759
