2015-01-01,Thursday,312.45,315,310.7,314,6138488,1925488864
2015-01-02,Friday,314.35,318.3,314.35,315.25,9935094,3147388630
2015-01-05,Monday,316.25,316.8,312.1,312.75,9136716,2867431675
2015-01-06,Tuesday,310,311.1,298.7,299.9,15329257,4677601297
2015-01-07,Wednesday,300,302.55,295.15,300.15,15046745,4513243034
2015-01-08,Thursday,305,306.5,302.35,304.85,8939749,2722592693
2015-01-09,Friday,306.7,307.85,302,303.2,11953948,3639361373
2015-01-12,Monday,304.15,307.8,301.1,307.1,8536142,2610906355
2015-01-13,Tuesday,308.15,310.75,304.15,305.1,9484804,2923405586
2015-01-14,Wednesday,304,307,302.25,304.7,8855660,2699164963
2015-01-15,Thursday,319.9,323.7,314,320.3,30729523,9779600928
2015-01-16,Friday,320,320.3,313.1,315.45,21598514,6812224902
2015-01-19,Monday,316.55,317.95,312.5,313.15,9975658,3135878353
2015-01-20,Tuesday,314,319.8,314,318.15,13104643,4162310598
2015-01-21,Wednesday,319.9,327.6,319,326.2,22617660,7357244534
2015-01-22,Thursday,326.9,327.6,321.8,324.65,12232626,3963650843
2015-01-23,Friday,328.25,332.55,324.65,327.45,17127278,5629290865
2015-01-27,Tuesday,329.4,332.15,322.6,330.05,13734088,4482899863
2015-01-28,Wednesday,330.4,336,328.2,334.6,19428852,6470529386
2015-01-29,Thursday,332.8,333.6,325.1,327,14911660,4901824640
2015-01-30,Friday,328.7,330.5,307,308.95,30252827,9477149828
2015-02-02,Monday,309.5,311.9,305.1,307.5,17639807,5439786964
2015-02-03,Tuesday,312,312,299.05,300.3,23743882,7214558038
2015-02-04,Wednesday,302.7,302.95,291.9,293.05,21477507,6351980048
2015-02-05,Thursday,293.15,297.8,289.2,290.8,15722348,4624755215
2015-02-06,Friday,291,294.85,285.7,290.3,15985714,4647120416
2015-02-09,Monday,289.5,292.8,278,279.5,17088719,4863094021
2015-02-10,Tuesday,277.5,290.8,275.7,287.3,22589681,6457862602
2015-02-11,Wednesday,290.8,293.5,283.7,285.95,17366588,5002676542
2015-02-12,Thursday,288.9,289,278.3,284.3,20957180,5931745684
2015-02-13,Friday,288,307.95,285.35,306.95,70540056,21105343679
2015-02-16,Monday,310.6,313.15,304.7,306.7,21372131,6613269716
2015-02-18,Wednesday,306.8,307.9,302,305.7,13472484,4117092114
2015-02-19,Thursday,306.1,307.3,296.8,302.35,17762135,5361130567
2015-02-20,Friday,301.9,306.5,297.05,302.3,15792502,4787375265
2015-02-23,Monday,303.2,304.6,294.4,296.55,12440505,3731311982
2015-02-24,Tuesday,296.9,299,292.1,296.25,15046698,4450175226
2015-02-25,Wednesday,299,300.65,295,295.55,12845169,3828728293
2015-02-26,Thursday,297,297,288.05,289.4,18707345,5450096653
2015-02-27,Friday,291.25,301,290.1,299.9,18316053,5442581876
2015-02-28,Saturday,304.95,306.4,295.1,301.65,25014393,7553074019
2015-03-02,Monday,305.9,305.9,296.7,302,15085595,4540367707
2015-03-03,Tuesday,303.5,305.4,299.7,302.6,14387971,4347078581
2015-03-04,Wednesday,314,315,292,293.85,38674148,11725294423
2015-03-05,Thursday,294.75,296.25,289.75,293.8,16803823,4922644375
2015-03-09,Monday,292,294,288.7,290.65,13199803,3843953596
2015-03-10,Tuesday,290.75,293.25,285.1,287.6,14064427,4074921127
2015-03-11,Wednesday,288.55,290.9,283.75,285.15,16329314,4679261029
2015-03-12,Thursday,288.15,289.45,286.1,286.85,9969794,2865509741
2015-03-13,Friday,290,291.05,280,280.75,13414248,3818217718
2015-03-16,Monday,281.5,283.85,280,281.65,15132928,4267001282
2015-03-17,Tuesday,283.9,284,279.5,283.1,11350496,3201531831
2015-03-18,Wednesday,284.1,288.45,282,287.3,12394230,3546117439
2015-03-19,Thursday,290,290.3,280.6,281.6,11046649,3156325804
2015-03-20,Friday,281.8,282.4,276.8,278.25,11482652,3212279233
2015-03-23,Monday,279.4,280,273.55,274.75,13058026,3613630219
2015-03-24,Tuesday,273.8,276.4,269,270.55,17585259,4781998391
2015-03-25,Wednesday,271.9,272.1,265,265.4,15824629,4237389620
2015-03-26,Thursday,264.5,265.9,255.2,256.65,22253318,5798130089
2015-03-27,Friday,259.85,264.95,256,263.6,19423101,5060381754
2015-03-30,Monday,265.1,269.35,263.15,267.9,12303870,3277443217
2015-03-31,Tuesday,268.9,271.35,266,267.05,19482636,5232841326
2015-04-01,Wednesday,266.65,274.65,263.15,273.45,12383589,3340295156
2015-04-06,Monday,275.45,275.75,271.2,274.65,12925445,3537574063
2015-04-07,Tuesday,275.3,276.35,270.3,272.05,12933524,3529422894
2015-04-08,Wednesday,271.9,277.35,271.85,273.9,9913899,2717405074
2015-04-09,Thursday,275,281.8,272.5,280.85,13471276,3737538936
2015-04-10,Friday,281,287.35,280.05,285.75,16880558,4810738710
2015-04-13,Monday,287.8,288.5,283.35,286.3,11985436,3425301804
2015-04-15,Wednesday,287.4,294.45,285.95,290,17289500,5022863326
2015-04-16,Thursday,290.25,294.25,286.5,292.4,15043998,4370567698
2015-04-17,Friday,291,294.9,289.2,291.75,16819018,4913187552
2015-04-20,Monday,291,293.35,284.85,287.65,13788536,3996227242
2015-04-21,Tuesday,287.4,292,281.75,289.2,15487948,4449991455
2015-04-22,Wednesday,290.55,293.25,275.4,283.85,17741741,5041655377
2015-04-23,Thursday,285,287.4,276.25,277.65,13874710,3891297539
2015-04-24,Friday,278.35,279.6,274.35,275.55,10049508,2779482973
2015-04-27,Monday,276.55,276.55,266.1,267.05,12394191,3337530516
2015-04-28,Tuesday,267,273.5,265.15,272.5,12693457,3422487534
2015-04-29,Wednesday,272.25,273.4,269.55,271.9,8217676,2231769978
2015-04-30,Thursday,270.1,273.45,266.7,269.75,21635216,5850884458
2015-05-04,Monday,274,278,271.65,277.15,8012690,2200606670
2015-05-05,Tuesday,277,277,271.35,272.05,7102772,1944090278
2015-05-06,Wednesday,271.45,273.6,263.25,265.4,16335660,4348870438
2015-05-07,Thursday,264,267.25,259.65,260.95,15962706,4199560858
2015-05-08,Friday,264,268,260.3,261.95,14044596,3712428877
2015-05-11,Monday,263.4,277.2,262.6,276.05,17198308,4684808385
2015-05-12,Tuesday,275.3,275.4,266.35,267.4,12792368,3447681170
2015-05-13,Wednesday,269.9,275,268.05,274.3,9245732,2516866720
2015-05-14,Thursday,274,281.9,272.95,280.95,13101418,3641234712
2015-05-15,Friday,282,288.35,282,287.45,18247889,5221414440
2015-05-18,Monday,289.9,290,285.4,289.75,13266119,3821386071
2015-05-19,Tuesday,289.2,291.35,286.2,288.45,14541041,4201900498
2015-05-20,Wednesday,289.5,294.8,289.25,292.6,11807544,3457364646
2015-05-21,Thursday,294,294.75,288.45,290.25,12118415,3521843948
2015-05-22,Friday,293,305,280.75,282.45,69490117,20440188862
2015-05-25,Monday,280.2,284.3,276.15,277.65,20356833,5702047666
2015-05-26,Tuesday,279,280.8,276,277.15,9675703,2691299440
2015-05-27,Wednesday,277,281.6,274.2,280.75,12176680,3394562153
2015-05-28,Thursday,279.8,279.8,276.1,277.6,13024987,3619470024
2015-05-29,Friday,278.65,281.65,277.1,278.15,14809918,4131890524
2015-06-01,Monday,278.65,282,277.55,278.2,11567692,3234686830
2015-06-02,Tuesday,278.8,279.45,265.35,266.25,21653784,5888406192
2015-06-03,Wednesday,267,267.3,255.05,257.4,25967877,6737182092
2015-06-04,Thursday,259.9,261.4,253.75,257.6,20210546,5201373925
2015-06-05,Friday,257,262,255.6,257.8,13539638,3509961612
2015-06-08,Monday,258.75,258.75,252.55,254.95,17384700,4428363805
2015-06-09,Tuesday,255,258.3,254,257.6,15275972,3911021556
2015-06-10,Wednesday,259,262.55,258.5,260.6,10910978,2847434858
2015-06-11,Thursday,262.25,262.95,252.65,254,20857622,5337166577
2015-06-12,Friday,254.05,255.5,251.8,253.95,11440479,2903040735
2015-06-15,Monday,255,255.6,248.85,250.25,13545280,3405975171
2015-06-16,Tuesday,250.25,255.75,249,254.6,9896598,2494008348
2015-06-17,Wednesday,256,256.9,253.5,255.1,11241061,2871299982
2015-06-18,Thursday,256.45,260.7,255.2,258.1,11598549,2994500601
2015-06-19,Friday,259.9,263.1,258.15,260.15,12216399,3180952545
2015-06-22,Monday,260.9,267.4,260.8,266,11051382,2928051533
2015-06-23,Tuesday,269.4,271.2,266.25,267.75,16180083,4346565178
2015-06-24,Wednesday,267.7,267.9,260.5,262.35,8361760,2217364611
2015-06-25,Thursday,261.25,266,259.05,264.8,16506503,4351039360
2015-06-26,Friday,264.1,266.9,261.05,265.2,14588452,3847106122
2015-06-29,Monday,258.75,260.8,255,259.65,15040805,3873650427
2015-06-30,Tuesday,259.25,263.35,257.6,262.75,14181965,3701695993
2015-07-01,Wednesday,263.1,269.5,262.55,267.75,12072024,3218792513
2015-07-02,Thursday,267.9,271.25,266.1,267.85,8741783,2347918933
2015-07-03,Friday,267.35,270,266.8,269.4,7238541,1943897587
2015-07-06,Monday,263.2,271.5,262,270.8,9458200,2522212693
2015-07-07,Tuesday,270.4,274.65,270,272.9,12523410,3413843640
2015-07-08,Wednesday,269.9,271,265.6,267.35,12669850,3397578706
2015-07-09,Thursday,267,271.3,267,267.75,6469504,1740686585
2015-07-10,Friday,270.25,271,266.25,270.55,8788162,2367748683
2015-07-13,Monday,272,274.35,267.9,273.7,8423083,2287470605
2015-07-14,Tuesday,273.6,273.6,267.15,268.2,10337307,2795541482
2015-07-15,Wednesday,268.75,271.7,267.15,268.05,7483918,2015037100
2015-07-16,Thursday,269.75,272.75,268.1,272.2,8354120,2259433446
2015-07-17,Friday,272.4,274,270.5,271.1,5571891,1515366175
2015-07-20,Monday,272,272,266.15,267.45,6418930,1720017974
2015-07-21,Tuesday,267,269.8,263.5,264.3,5638653,1503769320
2015-07-22,Wednesday,263.7,269.4,261.9,268.55,11322177,3006308527
2015-07-23,Thursday,268.5,272,267.25,270.05,6376216,1718918465
2015-07-24,Friday,268.7,270.35,262.1,263.25,7796401,2076559375
2015-07-27,Monday,263.2,263.4,258.05,258.45,6788558,1765626235
2015-07-28,Tuesday,260.25,263.9,258.35,259.2,10788886,2809518205
2015-07-29,Wednesday,260,260.7,252.3,253.6,9997136,2555150411
2015-07-30,Thursday,253.6,259.5,253.6,256.8,10536937,2707124911
2015-07-31,Friday,258,273.75,257.55,270.05,20534806,5503587213
2015-08-03,Monday,270,283,269.9,281.05,21901780,6125372864
2015-08-04,Tuesday,282.5,289.95,276.4,288.6,28858887,8203513682
2015-08-05,Wednesday,289.1,291.8,284.25,285.4,10169558,2927439655
2015-08-06,Thursday,285.6,290.8,282,289.05,15372143,4410468711
2015-08-07,Friday,288.5,288.5,280.2,281.3,13845614,3930243979
2015-08-10,Monday,282.05,286,280.1,282.75,14694901,4168991292
2015-08-11,Tuesday,285.8,289.45,267.5,268.8,39233644,10880200168
2015-08-12,Wednesday,267.45,267.45,255.05,256.35,29724325,7755746564
2015-08-13,Thursday,259.75,262.85,258.15,259.3,16360033,4258627590
2015-08-14,Friday,261.9,269.4,259.25,268.5,14852873,3936127570
2015-08-17,Monday,272,281.9,270.8,279.75,27500063,7637832231
2015-08-18,Tuesday,280.8,288,275.55,284.8,27728824,7859917077
2015-08-19,Wednesday,283.9,285.95,275.55,278,15452575,4335992856
2015-08-20,Thursday,277.65,281.65,268,270.55,14577599,3994370493
2015-08-21,Friday,261.5,268.9,256.2,267.5,19030056,5004965528
2015-08-24,Monday,254.7,257.7,242.4,245.4,29561705,7454137588
2015-08-25,Tuesday,250,254.8,240,253.35,23492839,5856737558
2015-08-26,Wednesday,252.5,253.3,245,245.7,16325529,4057677992
2015-08-27,Thursday,251.15,252,248.1,249.45,21076926,5266344281
2015-08-28,Friday,254.5,255.9,247.45,248.95,16644381,4195788726
2015-08-31,Monday,249,251.35,245,247.35,21645114,5369451644
2015-09-01,Tuesday,244.85,244.85,237.7,239.1,19689080,4735774885
2015-09-02,Wednesday,242.65,243,230.1,230.55,23655457,5540317219
2015-09-03,Thursday,232.65,235.4,231,232.25,14680299,3419690794
2015-09-04,Friday,231.9,231.9,224,225.15,20466346,4627819194
2015-09-07,Monday,227.1,227.5,220.15,221.1,15424783,3456917293
2015-09-08,Tuesday,223,230.25,221.15,228.35,16189253,3663178089
2015-09-09,Wednesday,233.95,234.5,229.1,231.65,18237115,4235061103
2015-09-10,Thursday,227.35,229.8,224.1,227.45,14195882,3208874370
2015-09-11,Friday,230.9,233.3,228,230.1,13650937,3150573922
2015-09-14,Monday,231.55,236,230,235.25,10671222,2490210168
2015-09-15,Tuesday,235.2,238.45,232.65,234,13193410,3103447870
2015-09-16,Wednesday,236.4,237.75,235,236.8,11272509,2664599551
2015-09-18,Friday,240,246.45,239.5,242,16049395,3909275388
2015-09-21,Monday,239.55,246,237.25,245.25,9602436,2329534018
2015-09-22,Tuesday,247.95,248.45,236.25,237.95,13667322,3321055056
2015-09-23,Wednesday,235,241.9,233.6,239.85,13614082,3244638865
2015-09-24,Thursday,239.45,241.45,238.05,239.05,9299508,2228434679
2015-09-28,Monday,241,243.65,238.65,239.45,8588230,2073482019
2015-09-29,Tuesday,236,245.4,232.2,241.9,24488685,5892390895
2015-09-30,Wednesday,244.85,245.4,235.7,237.15,17011911,4070514577
2015-10-01,Thursday,241.2,241.9,234.4,235.15,11590498,2750146367
2015-10-05,Monday,238.1,241.35,237.25,240,18307463,4387085732
2015-10-06,Tuesday,242.7,242.8,237.7,240.1,10087077,2422565711
2015-10-07,Wednesday,240.15,244.25,239.05,243.55,10608795,2571813326
2015-10-08,Thursday,242.45,245.2,241.1,243.3,9230511,2244606518
2015-10-09,Friday,245.5,247.8,240.65,243.45,12171416,2981319883
2015-10-12,Monday,244.1,245.65,241.3,244.55,7566962,1848345477
2015-10-13,Tuesday,244,247.5,242.05,243.8,10200698,2494711840
2015-10-14,Wednesday,243.7,246.8,243.2,244.25,7895820,1933055774
2015-10-15,Thursday,246,249.9,245.5,248.95,11582401,2877244322
2015-10-16,Friday,249.85,257.15,248.35,254.85,11738832,2956324781
2015-10-19,Monday,256.65,257.1,253.5,254.5,8969153,2288375316
2015-10-20,Tuesday,254.5,257.1,253.2,254.85,8811740,2247391991
2015-10-21,Wednesday,254,255.9,248.55,249.8,8606466,2163720288
2015-10-23,Friday,253,254.85,252,253.4,7544810,1912097227
2015-10-26,Monday,254.75,256,250.35,251.25,13085058,3313622324
2015-10-27,Tuesday,250.1,252.2,248.1,248.8,6565348,1641911912
2015-10-28,Wednesday,248,249.45,241.2,242.05,12310403,3003224123
2015-10-29,Thursday,241.5,241.8,236.45,236.95,16114932,3844693901
2015-10-30,Friday,238.7,240.4,235.1,237.05,8669606,2062774693
2015-11-02,Monday,238,238,232.7,236.9,7611610,1792459354
2015-11-03,Tuesday,239.35,239.7,235,235.95,8323201,1974697011
2015-11-04,Wednesday,239.2,240.5,237,239,8418352,2010387006
2015-11-05,Thursday,238,239,233.1,233.9,8906564,2103032197
2015-11-06,Friday,235.6,244.8,233,243,30821077,7428582286
2015-11-09,Monday,236,248.3,235.6,246.1,22806485,5583806352
2015-11-10,Tuesday,244.9,247.25,240.1,241.2,11767845,2861354211
2015-11-11,Wednesday,243,244.25,242.55,243.15,2061681,501567838.4
2015-11-13,Friday,241.5,241.8,237.7,240.25,9082062,2178937151
2015-11-16,Monday,239.5,249.35,239.1,248.3,14051479,3447347316
2015-11-17,Tuesday,250,251.65,246.7,247.85,11273394,2806306059
2015-11-18,Wednesday,247.6,248.7,239.45,241,10397889,2534511722
2015-11-19,Thursday,243.05,245,241.4,243.9,7325199,1783978177
2015-11-20,Friday,243.95,249.9,242,242.95,13718619,3368019318
2015-11-23,Monday,243.9,245.25,240.55,242.7,10552151,2565804707
2015-11-24,Tuesday,242.5,244,240.6,241.4,6651669,1612833931
2015-11-26,Thursday,241.95,244.9,241,242.5,13629888,3313401905
2015-11-27,Friday,243,250.5,242.8,249.7,15149912,3748351787
2015-11-30,Monday,249.65,253,245,250.2,12865469,3228127623
2015-12-01,Tuesday,250.85,251.9,249.3,250.2,9501537,2380515994
2015-12-02,Wednesday,250.55,250.65,243.75,244.6,10881754,2676155875
2015-12-03,Thursday,244.15,244.5,240.4,241.1,7155630,1735388919
2015-12-04,Friday,240,242.15,238.05,241.1,11115170,2670611509
2015-12-07,Monday,242.95,242.95,238,238.65,7531729,1805861143
2015-12-08,Tuesday,238.1,239.95,235.3,235.95,8254434,1960116973
2015-12-09,Wednesday,235.4,238.2,233.6,234.4,7408777,1746990060
2015-12-10,Thursday,236,236.75,230.6,231.95,11713559,2725084943
2015-12-11,Friday,232.9,233.9,225.1,227.3,12872949,2946294135
2015-12-14,Monday,224.9,227.7,224,225.95,12464883,2816646732
2015-12-15,Tuesday,227,227.15,224,226.4,10404430,2346223925
2015-12-16,Wednesday,227.75,229.6,225.25,227.3,13030720,2966149651
2015-12-17,Thursday,230,232.4,228.5,230.9,14539096,3354140728
2015-12-18,Friday,229.95,232.35,225.8,226.5,18871084,4319445633
2015-12-21,Monday,226.9,231,226.5,230.45,9557098,2193929569
2015-12-22,Tuesday,231.65,232.25,227.5,228.35,9155574,2106647802
2015-12-23,Wednesday,230.25,231,228.9,229.65,7914311,1821091826
2015-12-24,Thursday,230.85,231,227.6,228.3,7257958,1659698962
2015-12-28,Monday,229.05,229.95,228,228.9,8756879,2005222470
2015-12-29,Tuesday,228.85,229.95,227.5,228.2,7263286,1661012956
2015-12-30,Wednesday,229,229.7,224.85,225.8,11702877,2656287708
2015-12-31,Thursday,225.95,226.55,224,224.45,11558305,2599041493
2016-01-01,Friday,225,228.9,224.5,227.8,6449426,1463600672
2016-01-04,Monday,226.95,226.95,220.05,220.7,14092071,3139744222
2016-01-05,Tuesday,222.8,222.8,217,217.75,15074848,3308362092
2016-01-06,Wednesday,217.9,219.9,216.4,216.85,11921123,2598851530
2016-01-07,Thursday,214,214.1,209,209.55,14342279,3023488398
2016-01-08,Friday,212,212.5,208.6,208.95,11745840,2465445538
2016-01-11,Monday,206.8,207.5,202.65,204.3,19287860,3948218740
2016-01-12,Tuesday,204.85,205,198.6,199.4,20318816,4089639518
2016-01-13,Wednesday,201.35,202.4,194,200.9,23788247,4734784476
2016-01-14,Thursday,197,201.5,194.3,196.05,20256636,4005991940
2016-01-15,Friday,197.8,197.8,181,184.3,29090426,5514120621
2016-01-18,Monday,184.9,188.15,179.15,181,35653244,6542261598
2016-01-19,Tuesday,182.15,187.8,181.5,182.95,24501774,4516339893
2016-01-20,Wednesday,180.65,180.65,171.5,173.65,28655794,5019493669
2016-01-21,Thursday,177,178.65,172.05,175.6,28697205,5031862564
2016-01-22,Friday,179.9,185.4,178.3,184.6,21432409,3913915270
2016-01-25,Monday,187.9,188.8,182.5,182.95,17534650,3251080482
2016-01-27,Wednesday,184.4,186.2,181.05,184.4,16569813,3049399582
2016-01-28,Thursday,184.2,185.9,182.5,185.25,20241030,3735335211
2016-01-29,Friday,184.2,185.75,178.1,179.9,24259147,4380071218
2016-02-01,Monday,181.95,181.95,172.1,172.75,22915269,4021007280
2016-02-02,Tuesday,173.1,177.4,168.6,169.4,35957332,6207324038
2016-02-03,Wednesday,167.8,167.8,163.25,166.05,24132003,4001492076
2016-02-04,Thursday,169.3,169.8,160.2,162.85,23811109,3925151215
2016-02-05,Friday,163.7,169.3,162.2,168.2,22732245,3780668601
2016-02-08,Monday,169.45,176.9,168.55,172.15,22289005,3874016810
2016-02-09,Tuesday,168,172.4,166.1,167.05,19008384,3210602136
2016-02-10,Wednesday,165,166.2,158,159,32294785,5224865039
2016-02-11,Thursday,159.5,167.5,152.2,154.25,72749830,11584246502
2016-02-12,Friday,156.15,157.65,148.25,154.8,41187889,6269136681
2016-02-15,Monday,159,170,158,167.85,35956266,5946004504
2016-02-16,Tuesday,170.75,170.75,155.65,156.4,33816243,5473634529
2016-02-17,Wednesday,155,159.85,151.25,158.95,32447698,5061596226
2016-02-18,Thursday,161.95,163.7,156.4,159.8,21024178,3364140575
2016-02-19,Friday,157.9,165.3,157.1,164.7,24592575,4007070146
2016-02-22,Monday,165.95,166.8,163.7,164.95,15815058,2610753532
2016-02-23,Tuesday,165,165,158,158.5,20200068,3240512869
2016-02-24,Wednesday,156,160.7,155.3,156.3,19440950,3073199463
2016-02-25,Thursday,157.6,158.1,151,151.8,22713124,3495358479
2016-02-26,Friday,155.5,158.7,152.55,155.9,30051402,4681280158
2016-02-29,Monday,158.2,163.9,153,158.75,66981910,10679890425
2016-03-01,Tuesday,160.5,162.9,158.55,162.05,23588231,3802269444
2016-03-02,Wednesday,172.5,183.2,172.5,181.15,53333757,9483964777
2016-03-03,Thursday,184,184.6,178.5,182.75,33507048,6074174094
2016-03-04,Friday,183.4,189.85,178.5,188.4,38860711,7189419855
2016-03-08,Tuesday,186.95,186.95,181.4,183.35,27928279,5144161623
2016-03-09,Wednesday,180,184,178.7,183.4,29453018,5352122644
2016-03-10,Thursday,184.75,184.75,179.4,180.5,20472928,3715971902
2016-03-11,Friday,180,182.65,177.55,180.1,21869157,3942241256
2016-03-14,Monday,182.45,183.4,180.7,181.75,14369755,2612424161
2016-03-15,Tuesday,181.65,186.2,181.65,185.3,22369600,4131972681
2016-03-16,Wednesday,185,185.9,181.6,185.2,19237834,3542620830
2016-03-17,Thursday,188,189.3,185,186.35,21560986,4045649930
2016-03-18,Friday,186.85,192,186,191.25,21144216,3997511142
2016-03-21,Monday,193,197.3,193,196.8,20678069,4038513854
2016-03-22,Tuesday,196.8,198.25,194.5,197.5,16728809,3285173329
2016-03-23,Wednesday,196.9,197.6,195.3,196.6,13362780,2624328980
2016-03-28,Monday,195.8,198.25,187.65,188.3,19760603,3794322277
2016-03-29,Tuesday,188.5,191.25,186.65,189.5,16804848,3184611760
2016-03-30,Wednesday,192.25,198.3,190.5,197.55,20709407,4034427688
2016-03-31,Thursday,197.85,198.75,192.35,194.25,30132473,5894972138
2016-04-01,Friday,193.7,197.25,192,195.65,21752206,4245259280
2016-04-04,Monday,197.3,197.45,192.55,194.7,15732565,3066858074
2016-04-05,Tuesday,193.9,194.55,183.3,184.35,36635637,6928984285
2016-04-06,Wednesday,185,185.5,182.2,183.85,16350631,3009183153
2016-04-07,Thursday,183.8,185.65,181,181.95,19430601,3560435990
2016-04-08,Friday,181.65,183.95,180.2,183.1,15805231,2887350774
2016-04-11,Monday,183.85,188.9,182,188.25,18990364,3516413528
2016-04-12,Tuesday,188.5,190.25,186.3,187.8,14563344,2742691702
2016-04-13,Wednesday,191.55,193.8,190.8,191.9,17573045,3377105951
2016-04-18,Monday,191.45,191.5,185.6,186.75,13985439,2622133242
2016-04-20,Wednesday,188.35,188.65,184.1,187.3,20163005,3762010364
2016-04-21,Thursday,190.5,197.4,190,194.35,31008152,6039359987
2016-04-22,Friday,193.6,201.5,191.55,200.15,34049763,6751869886
2016-04-25,Monday,200.95,202.55,195.8,197.05,23835613,4752396352
2016-04-26,Tuesday,195.95,201.4,194.55,200.95,21809451,4334812375
2016-04-27,Wednesday,200.9,200.9,195.5,196.15,22801603,4513952175
2016-04-28,Thursday,196.75,198.2,191.2,192.05,24555479,4776038582
2016-04-29,Friday,191.9,194,186.45,189,21021661,3996623658
2016-05-02,Monday,187.6,188.45,185.5,186,14469844,2703342396
2016-05-03,Tuesday,187,189.35,183.65,184.05,16247931,3031162280
2016-05-04,Wednesday,183.5,184.4,179.15,179.95,17826594,3241988388
2016-05-05,Thursday,180.25,182.7,178.5,180.35,17742028,3202036526
2016-05-06,Friday,180.95,184.95,180.1,184.35,18336962,3357150459
2016-05-09,Monday,186.5,189.4,185.05,188.7,13863696,2595393262
2016-05-10,Tuesday,187.6,190.3,186.7,189.5,13845979,2613255386
2016-05-11,Wednesday,185.4,188.5,184.1,185,18128414,3381624795
2016-05-12,Thursday,187.1,189.5,185.4,188.5,17398341,3265888222
2016-05-13,Friday,187.95,187.95,184.3,184.85,15546644,2880581085
2016-05-16,Monday,185,185,175.15,176.8,30937008,5491952846
2016-05-17,Tuesday,178.5,178.6,175.25,176.85,22183140,3921559677
2016-05-18,Wednesday,176.9,180.45,173.55,179.95,25345278,4524816977
2016-05-19,Thursday,181,181,171.9,172.7,25480517,4480018527
2016-05-20,Friday,173.5,174.7,170.55,171.35,16720624,2888653267
2016-05-23,Monday,172.3,172.7,168.2,168.4,16193112,2749995916
2016-05-24,Tuesday,168.8,170.4,166.4,169.5,14816798,2491883551
2016-05-25,Wednesday,171.5,175.8,171.45,175.1,18900887,3285447217
2016-05-26,Thursday,175.1,185.5,173.5,184.15,30700988,5530238391
2016-05-27,Friday,184,202.4,181.5,195.9,85585820,16208396489
2016-05-30,Monday,200.2,203.9,194.6,198.85,46075949,9144309335
2016-05-31,Tuesday,198.8,205.7,196.2,204.95,39457647,7952388767
2016-06-01,Wednesday,205.95,208.3,196.6,198.25,41868032,8492606210
2016-06-02,Thursday,197.85,202.3,195.55,200.55,23499884,4679014943
2016-06-03,Friday,201,202.15,195.4,196.6,24568749,4884542982
2016-06-06,Monday,197.45,202.6,197.1,198.9,23623536,4714028655
2016-06-07,Tuesday,200.45,211.15,200.15,210.15,66063192,13597282995
2016-06-08,Wednesday,210.15,211.9,207.55,210.7,35163093,7394208304
2016-06-09,Thursday,210,212.8,208.3,209.95,27858182,5867210319
2016-06-10,Friday,209.35,211.5,205.3,205.95,25598224,5334414687
2016-06-13,Monday,201.5,202.6,200.2,201.8,21192525,4272038292
2016-06-14,Tuesday,204.35,208.6,203.8,207.7,23918910,4927151494
2016-06-15,Wednesday,209.75,217.55,208.55,216.05,48362742,10338917056
2016-06-16,Thursday,216,218.5,213.05,216,48122379,10383604271
2016-06-17,Friday,216.75,217.5,211.6,213.45,26486677,5686609406
2016-06-20,Monday,208,216.7,207.9,215.9,32633757,6977292050
2016-06-21,Tuesday,215,217.5,213.15,214,18960306,4083821939
2016-06-22,Wednesday,214,215.25,211.45,212.9,16395548,3499126299
2016-06-23,Thursday,213,218,212.75,217.55,20666649,4460588044
2016-06-24,Friday,205.9,212.35,202.5,211.25,47224652,9817307761
2016-06-27,Monday,210.8,218.85,210.55,217.15,29021651,6277238363
2016-06-28,Tuesday,216.75,218.65,215.4,215.9,21784062,4718985622
2016-06-29,Wednesday,217.9,218.8,216.1,217.2,18019568,3918060066
2016-06-30,Thursday,220,221.9,217.9,218.8,30600995,6729755297
2016-07-01,Friday,220.8,221,218.9,219.6,15346865,3375271082
2016-07-04,Monday,222.35,224.35,222,223,16534518,3689841939
2016-07-05,Tuesday,223.25,225.15,221.55,223.5,15357018,3435729152
2016-07-07,Thursday,223.9,224.6,219.35,220.05,12917872,2871839900
2016-07-08,Friday,220.15,220.85,216.5,218.3,16017389,3493620865
2016-07-11,Monday,223.6,225.45,222,224.7,15831791,3539855528
2016-07-12,Tuesday,225,227.2,224.15,226.7,19374179,4380494819
2016-07-13,Wednesday,227,228.5,223.95,227.7,18377333,4168619150
2016-07-14,Thursday,227,232.85,226,232,21208021,4886952684
2016-07-15,Friday,232.9,234.4,230.8,231.5,15068302,3502113290
2016-07-18,Monday,232.4,233.85,228.2,228.75,11816985,2733412275
2016-07-19,Tuesday,230,232.15,227,229.6,19767339,4541472635
2016-07-20,Wednesday,230.65,232.75,229.2,231.15,18051608,4175707922
2016-07-21,Thursday,231.65,232.1,224.4,225.65,13306837,3044684722
2016-07-22,Friday,225.4,225.9,222.1,223.5,12341622,2763588206
2016-07-25,Monday,223,231,222.7,229.9,18427070,4207974683
2016-07-26,Tuesday,230,232.2,225.9,226.7,14162638,3249662000
2016-07-27,Wednesday,227.75,231,226.8,229.25,17626617,4033799357
2016-07-28,Thursday,230.15,235.15,229.3,231,26838284,6229966701
2016-07-29,Friday,230,232.7,228.4,229.4,15577230,3591425981
2016-08-01,Monday,230.8,232.65,225.3,227.3,16071228,3669246731
2016-08-02,Tuesday,229.3,230.9,227.3,228.05,16145066,3693918383
2016-08-03,Wednesday,228.5,230.5,225.8,226.65,14838944,3387178676
2016-08-04,Thursday,228.45,228.7,223.2,225.65,17810908,4020831296
2016-08-05,Friday,227.35,233.9,226.9,232.75,21264296,4935293456
2016-08-08,Monday,233.95,235.9,231.7,233.25,16972827,3963838781
2016-08-09,Tuesday,234.25,238,232.65,235.15,19854185,4664086273
2016-08-10,Wednesday,236.75,236.9,231.05,231.5,16279843,3792544075
2016-08-11,Thursday,231.5,231.6,226.1,227.15,16673286,3797846444
2016-08-12,Friday,227,247.95,224.4,243.3,86616475,20836727749
2016-08-16,Tuesday,245.25,247.9,242.65,246.75,27709873,6792957339
2016-08-17,Wednesday,246.45,249.8,244.3,246.25,18294050,4511949309
2016-08-18,Thursday,246.9,250.4,246.55,248.4,14314950,3561094098
2016-08-19,Friday,255,260,253.5,258.5,39822529,10224910955
2016-08-22,Monday,259.8,260.4,254,254.8,19769886,5077060314
2016-08-23,Tuesday,254.9,255.8,251,254.75,17583721,4453336558
2016-08-24,Wednesday,254.95,256.2,253.5,254.4,11560293,2942994460
2016-08-25,Thursday,254.9,255.55,248.6,250.15,21230706,5348357663
2016-08-26,Friday,250.3,250.7,245.85,246.6,16531983,4093119257
2016-08-29,Monday,245.85,249.85,244.25,249.05,11786129,2910466441
2016-08-30,Tuesday,250.15,252.9,249.8,252.25,15323228,3856878151
2016-08-31,Wednesday,253.25,255.8,251.2,252.5,15601566,3959916855
2016-09-01,Thursday,251.95,254.85,251.15,252,12175873,3081663694
2016-09-02,Friday,252,255.2,251.65,254.6,11380257,2887058008
2016-09-06,Tuesday,257.2,261.5,256,260.1,16620963,4302065706
2016-09-07,Wednesday,262.9,270.3,260.4,266.8,30862337,8213706214
2016-09-08,Thursday,268,271.6,266.9,268.35,14339143,3857639674
2016-09-09,Friday,268.4,268.4,263.35,264.1,11455826,3038132235
2016-09-12,Monday,257.5,258.75,251.8,252.75,18989750,4839445217
2016-09-14,Wednesday,255,258,253,257.55,12754966,3266575888
2016-09-15,Thursday,258.35,258.35,254.2,256,7783662,1991407361
2016-09-16,Friday,257.95,262,253.4,254.3,18013477,4641967998
2016-09-19,Monday,256,258.3,255.2,255.65,11433295,2930319084
2016-09-20,Tuesday,256.4,256.4,253.65,254.45,9914599,2526638415
2016-09-21,Wednesday,254.5,256.25,250.65,251.15,12817180,3246800453
2016-09-22,Thursday,257.9,258.45,255.1,257.9,20797370,5339562005
2016-09-23,Friday,258.8,258.8,253.8,254.55,12730223,3266639842
2016-09-26,Monday,253.95,254.45,250.65,251.65,8800173,2221028547
2016-09-27,Tuesday,253.15,253.9,248.3,249,11345387,2844547519
2016-09-28,Wednesday,250,255.8,248.05,253.75,17277539,4374207280
2016-09-29,Thursday,255,256.75,243.5,247.25,27870695,6944958074
2016-09-30,Friday,246.85,252.5,245.8,251.25,14826293,3704817879
2016-10-03,Monday,253,256.65,252.65,255.3,9314647,2377418129
2016-10-04,Tuesday,255.8,262,253.8,259.75,21532806,5545444642
2016-10-05,Wednesday,262,264.9,259.55,260.85,20868556,5479614092
2016-10-06,Thursday,261.35,262,255.65,256.8,11081154,2870375876
2016-10-07,Friday,257.25,259.9,255.25,258.7,11934100,3071811325
2016-10-10,Monday,259.35,260.3,256.05,256.6,9399844,2423708025
2016-10-13,Thursday,254.95,255.35,245.85,249.65,18050638,4515922152
2016-10-14,Friday,251,253.55,249.1,252.1,12133951,3057452430
2016-10-17,Monday,253.75,256.45,252,253.2,16865537,4284785157
2016-10-18,Tuesday,254.9,257.7,253.8,256.9,20218355,5162940582
2016-10-19,Wednesday,258,258,254.85,255.4,9546481,2442358370
2016-10-20,Thursday,255.7,260.9,255.3,260.2,14179531,3675951116
2016-10-21,Friday,259.75,259.75,256.1,258.5,8833390,2275714679
2016-10-24,Monday,259.3,264.9,259.3,262.95,14483254,3813057577
2016-10-25,Tuesday,264,264.55,260.75,261.45,9079178,2379356466
2016-10-26,Wednesday,260.4,264.85,256.8,258.75,15020687,3914375366
2016-10-27,Thursday,258,258.1,254.3,255.4,10938008,2796108319
2016-10-28,Friday,255.9,258.8,254,258,11430184,2938585028
2016-10-30,Sunday,258.9,260,256.6,257.6,2107882,544166788.1
2016-11-01,Tuesday,257,260.9,256.5,258.95,10000632,2590999971
2016-11-02,Wednesday,254.1,256,250.55,251.05,13716294,3456634727
2016-11-03,Thursday,251.15,252.8,244.85,245.65,12902390,3203416655
2016-11-04,Friday,246.25,247.4,240.3,242.85,12657669,3080796900
2016-11-07,Monday,248,253.9,245.5,252.7,11224419,2810285468
2016-11-08,Tuesday,253.7,254.1,248.65,252.65,9367228,2354620214
2016-11-09,Wednesday,235,261.05,235,260,31761606,7973546902
2016-11-10,Thursday,267,284.2,265.25,281.3,50227559,13951278494
2016-11-11,Friday,278.75,288.8,270.5,273,57937113,16097054855
2016-11-15,Tuesday,275.15,283.45,270.7,278.2,48658808,13525913382
2016-11-16,Wednesday,284,284.8,276.15,277.2,27532708,7674140337
2016-11-17,Thursday,278,282.2,275.6,277.45,19500760,5448120179
2016-11-18,Friday,278.15,280,274.85,275.8,13389671,3708894422
2016-11-21,Monday,277.15,277.6,255.85,257.35,26002028,6876820661
2016-11-22,Tuesday,260.8,262.65,251.15,257.35,25631435,6566542907
2016-11-23,Wednesday,259.8,260.35,254.75,258.65,16190033,4172524479
2016-11-24,Thursday,257.8,263,254.55,261.75,28927720,7538850285
2016-11-25,Friday,263.5,264.5,258.35,260.95,19303589,5039728274
2016-11-28,Monday,253.45,257.75,248,253.55,22315183,5682184077
2016-11-29,Tuesday,254.25,256.5,252,252.7,12656706,3221370636
2016-11-30,Wednesday,254,260.15,252.7,258.35,16501691,4235923109
2016-12-01,Thursday,259.65,261,254.65,255.65,12986151,3338763952
2016-12-02,Friday,253.95,261.4,253,254.1,21139754,5409398610
2016-12-05,Monday,254.4,257.8,253.2,256.9,8406973,2150634275
2016-12-06,Tuesday,258.5,260.15,256.35,259.1,10048459,2598905530
2016-12-07,Wednesday,260.35,262.75,251.65,255.6,22193202,5730158492
2016-12-08,Thursday,258.45,260.5,258.05,259.9,9047721,2346774456
2016-12-09,Friday,260.8,267.2,258.8,266.65,16004173,4228457181
2016-12-12,Monday,268.9,269.35,262.3,263.65,14296268,3805217499
2016-12-13,Tuesday,264.9,266.75,261.55,266.15,9084137,2401648300
2016-12-14,Wednesday,266,266.25,262.3,262.9,8672531,2288334461
2016-12-15,Thursday,259.9,267.5,259,265.4,12274497,3252488738
2016-12-16,Friday,266.35,266.35,263.05,264.75,11017555,2915749487
2016-12-19,Monday,263.35,264.5,260.85,261.35,8371299,2197293727
2016-12-20,Tuesday,261.85,262.9,253.25,254.55,12765309,3270119103
2016-12-21,Wednesday,256.1,258,254.1,255.35,8778450,2248147464
2016-12-22,Thursday,254.25,254.25,248.35,249.8,12981595,3251234407
2016-12-23,Friday,249.75,251.8,247.8,249.15,10557157,2637727507
2016-12-26,Monday,248,248.3,243.6,244.2,8592983,2108509256
2016-12-27,Tuesday,244.6,249.95,243.1,248.75,8756536,2150781057
2016-12-28,Wednesday,249.25,252.5,247.15,247.75,11747088,2929995163
2016-12-29,Thursday,247.65,248.85,245.5,247.65,10658616,2637435127
2016-12-30,Friday,247.75,252.3,247.25,250.2,10538497,2640749859
2017-01-02,Monday,252.5,253.65,242.6,243.6,25988990,6362168369
2017-01-03,Tuesday,244,246.4,241.1,244.9,15963085,3903555799
2017-01-04,Wednesday,245.8,246.4,242.2,242.9,11225978,2738650550
2017-01-05,Thursday,245,245.9,243.7,245.35,11970913,2932209490
2017-01-06,Friday,246,249,245.5,245.9,12354302,3052714076
2017-01-09,Monday,246.4,248.35,246,247.05,8329253,2058077249
2017-01-10,Tuesday,247.7,249,246.4,248.3,9352013,2315926868
2017-01-11,Wednesday,249.65,253.2,249,252.15,13415303,3371362587
2017-01-12,Thursday,252.9,254.45,250.55,251.25,11282323,2846690712
2017-01-13,Friday,252,252.6,249.1,250.9,9333736,2341503043
2017-01-16,Monday,251.05,256.4,250.7,255.75,13234727,3367988753
2017-01-17,Tuesday,257.45,258.65,254.4,256,9480201,2435403299
2017-01-18,Wednesday,257.1,259.3,256.6,258.35,8048897,2077100556
2017-01-19,Thursday,257.2,262,256.5,258.4,13029151,3376641377
2017-01-20,Friday,258.5,260.5,250.3,251.05,15341756,3911266793
2017-01-23,Monday,251,255.2,250.1,254.15,9339939,2369079645
2017-01-24,Tuesday,255.1,257,254,254.9,13540202,3459953789
2017-01-25,Wednesday,255.55,261,254.2,259.2,16343545,4195160280
2017-01-27,Friday,260.3,268.2,259.5,266.45,18039379,4777271422
2017-01-30,Monday,265.85,267.9,263.4,263.95,11884795,3155951480
2017-01-31,Tuesday,261.15,263.85,259.65,260.35,8899165,2325949623
2017-02-01,Wednesday,262,271.9,261.6,270.7,27253142,7284539235
2017-02-02,Thursday,271.85,275,268.7,273.3,20139955,5487069791
2017-02-03,Friday,273,278.55,272,277.55,15366890,4247716105
2017-02-06,Monday,280,282.5,276,277.05,14725291,4115106423
2017-02-07,Tuesday,277.85,280,276.3,277.9,10981984,3053553687
2017-02-08,Wednesday,278.1,279.25,272.6,277.2,13622088,3766103561
2017-02-09,Thursday,278.8,280.3,270.85,275.85,16080181,4425094459
2017-02-10,Friday,278.75,282.8,275,276.35,37580487,10504277249
2017-02-13,Monday,277.8,278.25,270.2,271.65,19853043,5413464501
2017-02-14,Tuesday,272,273,268.1,270.2,13306738,3600976496
2017-02-15,Wednesday,270.95,272.5,267.05,268.95,12201568,3286551255
2017-02-16,Thursday,277,277,269.65,270.5,21794688,5925860318
2017-02-17,Friday,271.15,273.65,267.7,269.35,17830528,4809736858
2017-02-20,Monday,269.9,271.55,268,269.65,9229363,2487437834
2017-02-21,Tuesday,270,271.5,268.65,270.7,7754157,2094652568
2017-02-22,Wednesday,271.9,274.7,269.5,272.3,12617613,3439486580
2017-02-23,Thursday,271.7,273,269.6,270.45,13146194,3566482786
2017-02-27,Monday,270.8,271.45,267.6,268.25,9645350,2594791599
2017-02-28,Tuesday,268.9,271.25,268,269.2,7941592,2140204769
2017-03-01,Wednesday,270,273.3,269.8,271.75,7656892,2082232124
2017-03-02,Thursday,273,274.7,266.5,267.3,14220808,3853749498
2017-03-03,Friday,266.25,268.9,264.25,265.05,10120034,2689695126
2017-03-06,Monday,266.6,270.35,266.35,269.85,9515073,2553575503
2017-03-07,Tuesday,270.8,270.9,266.4,267.8,11599142,3106065856
2017-03-08,Wednesday,267.8,270.3,266,269.9,9122987,2450644917
2017-03-09,Thursday,269,273.9,268.4,273.25,15594429,4244086426
2017-03-10,Friday,274.5,275.55,269.5,272.05,9557026,2605920571
2017-03-14,Tuesday,278.4,278.4,273.8,274.65,15734886,4333927697
2017-03-15,Wednesday,272.65,280.5,272.65,277.35,20055974,5574549417
2017-03-16,Thursday,278,280.2,276.05,279.3,18005184,5012226853
2017-03-17,Friday,279.45,279.5,273.5,274.15,14265642,3924494839
2017-03-20,Monday,274.75,274.75,271.8,273.9,9678185,2646065871
2017-03-21,Tuesday,274.4,277.05,270.15,272.35,11898233,3254395841
2017-03-22,Wednesday,270.3,271,266.8,267.5,9887203,2657109656
2017-03-23,Thursday,269,269.4,266.7,268.5,7998170,2144647607
2017-03-24,Friday,269.5,278.95,268.65,276.5,20133467,5543261412
2017-03-27,Monday,276,280.8,275.2,279.45,15966114,4450236935
2017-03-28,Tuesday,280.65,282.9,278.5,282.1,18673371,5244849248
2017-03-29,Wednesday,283.15,289.9,283.15,288.45,31008407,8902362947
2017-03-30,Thursday,289,293.75,288.85,291.05,19683170,5734340142
2017-03-31,Friday,292,295,288.5,293.4,20185269,5909720950
2017-04-03,Monday,294.8,295.7,292.2,293.15,10509610,3088047247
2017-04-05,Wednesday,293.3,298.75,289.65,297.35,21936647,6465018487
2017-04-06,Thursday,295.45,297.55,291.45,292.85,18413111,5419869686
2017-04-07,Friday,291.7,294.8,287.65,289.45,10765502,3143916049
2017-04-10,Monday,289.8,290.35,286.55,289.35,10307875,2977057464
2017-04-11,Tuesday,289.3,295.15,288.8,294.5,11682024,3419233562
2017-04-12,Wednesday,294,295.45,289.1,290.15,13251421,3861572859
2017-04-13,Thursday,290.25,293.1,290,291.55,9944020,2897768875
2017-04-17,Monday,291.1,292.75,288.5,289.9,8146800,2361107316
2017-04-18,Tuesday,291.05,296.9,288.4,290.3,13457050,3946372593
2017-04-19,Wednesday,291.55,291.75,282.9,284.05,18149995,5197414038
2017-04-20,Thursday,283.9,286.9,282.2,284.8,14514929,4129487458
2017-04-21,Friday,287,287,279.25,282.2,12042308,3404704696
2017-04-24,Monday,283.25,287.85,280.9,286.05,10077853,2868591397
2017-04-25,Tuesday,287.5,288.8,285,286.05,11531902,3306125555
2017-04-26,Wednesday,287.1,289.5,283.35,286.45,13836891,3973502444
2017-04-27,Thursday,286.45,287.95,281.05,282.05,22622372,6415248250
2017-04-28,Friday,283,290.75,282.5,289.75,14152004,4058772925
2017-05-02,Tuesday,290.25,292.5,287.1,288.3,9754789,2825042356
2017-05-03,Wednesday,289.4,293.2,285.8,289.8,13950914,4039031437
2017-05-04,Thursday,294,300,293.1,299.05,24534923,7274385483
2017-05-05,Friday,301,304.9,292.15,296,34756331,10399339848
2017-05-08,Monday,296.1,300.75,293.9,299.4,11560550,3452853120
2017-05-09,Tuesday,300.9,300.9,295.25,296.5,7843574,2330960277
2017-05-10,Wednesday,297,298.15,293,294.45,8699405,2570749676
2017-05-11,Thursday,295.9,299.4,294.45,298.1,11934889,3548713673
2017-05-12,Friday,300,302.6,296,297.9,13376269,4000935126
2017-05-15,Monday,298.4,302,297.5,301.4,10383539,3118314961
2017-05-16,Tuesday,302,308.4,299.35,307.5,17533439,5337697033
2017-05-17,Wednesday,308,308.8,305.5,307.65,14120513,4338137668
2017-05-18,Thursday,304.85,307.9,302,302.95,15471393,4710915756
2017-05-19,Friday,304.45,315.3,302,308,55250969,17062912096
2017-05-22,Monday,308.95,309.4,293.2,294.3,35771221,10688311081
2017-05-23,Tuesday,295,295.9,287.25,288.85,19846852,5760600586
2017-05-24,Wednesday,290.05,290.45,281.65,283.15,16435958,4692594840
2017-05-25,Thursday,284.15,291.35,283.55,290.1,15018467,4314318306
2017-05-26,Friday,290.5,291,285.3,288.45,12304394,3540130788
2017-05-29,Monday,288.9,290.85,283.3,284,10619968,3047571522
2017-05-30,Tuesday,283.4,289.75,281.05,288.85,9643418,2767074545
2017-05-31,Wednesday,289,291.5,287.2,288.3,10697171,3092409483
2017-06-01,Thursday,287.95,291.4,284.6,287.45,12186700,3504241899
2017-06-02,Friday,289.9,290.5,286.35,287.05,12004368,3456463588
2017-06-05,Monday,288.05,289.75,286.75,287.25,7917410,2279655967
2017-06-06,Tuesday,292,292.95,286.6,287.3,12346121,3574474829
2017-06-07,Wednesday,288.2,291.5,287.2,290.55,10864355,3144649993
2017-06-08,Thursday,292,292,287.75,288.6,8370299,2418368831
2017-06-09,Friday,288.3,289.4,285.8,288.55,10804887,3111498780
2017-06-12,Monday,286.75,287,284.3,284.95,10326846,2949192646
2017-06-13,Tuesday,285.4,287,283,283.85,9171049,2610171947
2017-06-14,Wednesday,285.9,286.3,282.6,284.2,11566255,3291658444
2017-06-15,Thursday,283.85,285.8,281.35,284,11925641,3385597002
2017-06-16,Friday,284.7,286.65,283.25,285.95,19246907,5492782511
2017-06-19,Monday,286.6,289.85,285.3,288.85,14848661,4278771918
2017-06-20,Tuesday,287.6,291,285.6,290.1,14927701,4313743748
2017-06-21,Wednesday,288.25,292.45,288.25,290.9,10537576,3065220464
2017-06-22,Thursday,291.25,295.9,291.05,294.5,26110402,7672018626
2017-06-23,Friday,294.75,295.55,287.8,288.95,20648597,5997037190
2017-06-27,Tuesday,289.25,289.45,276.8,279.65,25523129,7156505139
2017-06-28,Wednesday,277.6,278.45,273.75,276.4,17241351,4756142542
2017-06-29,Thursday,277.15,279.3,271.65,272.45,30457363,8358324622
2017-06-30,Friday,272,274.75,269.7,273.65,12235472,3332080254
2017-07-03,Monday,274.1,275.5,272.55,274.85,8951033,2458324810
2017-07-04,Tuesday,275,276.45,272.05,273,7856082,2151496795
2017-07-05,Wednesday,273.9,275.6,272.35,274.9,10048734,2757684770
2017-07-06,Thursday,275.05,282.7,274.6,281,16115817,4522014936
2017-07-07,Friday,280.6,282.4,279.2,280.1,5914038,1661670035
2017-07-10,Monday,300,300,280.85,285.55,2171603,620365103.2
2017-07-11,Tuesday,287.5,289.7,283,283.55,12400820,3554196333
2017-07-12,Wednesday,284.7,288.4,283.2,287.65,7524835,2150532007
2017-07-13,Thursday,288.9,290,286.55,288.75,8434324,2432929794
2017-07-14,Friday,288.8,293.6,287.25,291.6,13750192,4005097337
2017-07-17,Monday,292.8,294.1,289.65,293,10549310,3077663922
2017-07-18,Tuesday,291.85,296.4,290,291,11913832,3503788157
2017-07-19,Wednesday,291.5,294,291.4,293.3,9006728,2636080118
2017-07-20,Thursday,293,294.25,290.05,290.95,6256500,1827063378
2017-07-21,Friday,291.05,292.2,288.25,290.65,7266604,2110235986
2017-07-24,Monday,290.8,296.3,290.7,294.55,11195781,3291681090
2017-07-25,Tuesday,296,297.3,294.65,296.1,10846999,3211118931
2017-07-26,Wednesday,296.25,299.65,295.25,295.8,12527914,3722041137
2017-07-27,Thursday,297,299.85,296.2,298.35,22286060,6648594110
2017-07-28,Friday,297,300.75,295.6,299.1,15766196,4709188021
2017-07-31,Monday,299.4,313.85,298,312.5,41547584,12834863821
2017-08-01,Tuesday,314,314.8,307.95,309,14888804,4624253750
2017-08-02,Wednesday,310,311.8,305.3,307.7,17005571,5249472318
2017-08-03,Thursday,307,307.4,299.1,300.55,14459919,4369083601
2017-08-04,Friday,300.3,306.3,297.6,305.25,9615344,2912644159
2017-08-07,Monday,305.8,311.8,305.15,311.2,11420767,3528693270
2017-08-08,Tuesday,311,311.8,301.2,303.65,13578680,4139547239
2017-08-09,Wednesday,302.75,307.45,300.1,302.3,15852734,4824624908
2017-08-10,Thursday,301.2,302.4,292,296.7,14519518,4335479015
2017-08-11,Friday,294.5,303,277.45,280.15,67652562,19434001283
2017-08-14,Monday,281.45,282.4,276.5,278.2,23773509,6639593558
2017-08-16,Wednesday,279.05,283.9,274.2,283.1,21074533,5881834663
2017-08-17,Thursday,283.8,284.7,280,280.85,12134114,3420017043
2017-08-18,Friday,278,279.65,276,278.7,12653217,3513893258
2017-08-21,Monday,279,280.65,273.35,274.65,9247153,2564304548
2017-08-22,Tuesday,276,277,271.2,273.9,11814388,3233533655
2017-08-23,Wednesday,274.75,279.7,274.2,279,11317821,3134574761
2017-08-24,Thursday,279.7,281.45,277.5,280.3,14138226,3950052179
2017-08-28,Monday,282.1,282.1,279,279.35,10505317,2942781639
2017-08-29,Tuesday,278.45,280.85,276.05,277,10335964,2877033744
2017-08-30,Wednesday,278,279.25,276,276.6,7648702,2124785337
2017-08-31,Thursday,276.85,279.5,274.2,277.75,14222467,3931452221
2017-09-01,Friday,277.65,280.4,276.6,277.85,8255209,2299058874
2017-09-04,Monday,278.95,279.6,276.4,277.75,7168751,1992182735
2017-09-05,Tuesday,278.1,279.5,275.95,276.55,9565430,2653233952
2017-09-06,Wednesday,275.95,276.65,273.65,274.25,7306781,2011361655
2017-09-07,Thursday,275.4,276.9,273.1,274.2,16102724,4426251901
2017-09-08,Friday,274.9,275.4,271.1,271.8,7077895,1930656900
2017-09-11,Monday,272.6,273.5,269.55,270.95,14489224,3924827836
2017-09-12,Tuesday,272,275.65,270.5,273.45,8375133,2290866580
2017-09-13,Wednesday,274.95,276.6,272.5,273.4,10150073,2791130722
2017-09-14,Thursday,273.4,275.6,272.3,274.2,8015217,2197409892
2017-09-15,Friday,270.75,274.5,269.9,271.5,18404860,5004129814
2017-09-18,Monday,273,274,269.45,270.4,17538678,4759523061
2017-09-19,Tuesday,270.45,270.8,266.45,267.8,14331316,3844593450
2017-09-20,Wednesday,268.15,272.05,267.45,270.05,12355806,3338721092
2017-09-21,Thursday,269.75,271.4,267.35,268.5,8509419,2286580038
2017-09-22,Friday,267.25,267.4,261.1,261.85,12860892,3391164990
2017-09-25,Monday,261.5,261.8,254.4,258.75,13937050,3591952181
2017-09-26,Tuesday,258.5,259.65,256,258.25,11728345,3026336153
2017-09-27,Wednesday,259.9,259.9,249.5,250.4,17080769,4323244622
2017-09-28,Thursday,250.25,253.55,249.5,252.55,17776419,4480970144
2017-09-29,Friday,254.7,255.5,253.05,253.85,10073641,2560175416
2017-10-03,Tuesday,256.4,256.4,250.6,251.3,10547836,2658278526
2017-10-04,Wednesday,251.65,254.65,251.35,253.2,14063896,3552850904
2017-10-05,Thursday,253.7,254.1,249.2,251.6,13476692,3382944140
2017-10-06,Friday,252.15,257.9,252.1,256.75,11932139,3052528605
2017-10-09,Monday,256.8,258.6,254.25,256.85,8009211,2055914624
2017-10-10,Tuesday,256.85,258.2,255.7,256.95,9742878,2502437976
2017-10-11,Wednesday,257.15,258.45,250.45,251.75,14192548,3599290886
2017-10-12,Thursday,252,252.95,248.5,251.2,13404759,3358287364
2017-10-13,Friday,251.1,255.35,250.2,252.1,15697555,3975405262
2017-10-16,Monday,254.6,254.7,250.1,252.05,12171830,3067313729
2017-10-17,Tuesday,252.05,254.7,250.65,251.15,13505216,3408204091
2017-10-18,Wednesday,246,247.8,242.55,243.75,20677891,5068621626
2017-10-19,Thursday,243.8,245.25,241.15,242.75,3458869,842562150.3
2017-10-23,Monday,244,247,242.3,245.95,8901335,2180634640
2017-10-24,Tuesday,246,255.3,245.95,254.45,17197805,4335790478
2017-10-25,Wednesday,279.85,328.05,279.85,324.9,262677081,81621408662
2017-10-26,Thursday,330,351.3,317.5,320.5,112804243,37241709887
2017-10-27,Friday,320.25,323.6,310.1,311.05,27580765,8701224474
2017-10-30,Monday,312,322.35,310.6,312,28530254,8994082068
2017-10-31,Tuesday,313,313.85,304.3,305.8,16455750,5063097522
2017-11-01,Wednesday,309.4,321.45,309.4,319.85,34907283,11060595199
2017-11-02,Thursday,320,323.15,313.55,314.35,23110527,7342692063
2017-11-03,Friday,315.45,327.5,312.6,325,26898400,8585344338
2017-11-06,Monday,323.6,330,321.45,329,17143407,5601152348
2017-11-07,Tuesday,328.95,331.7,315.5,317.2,21883541,7064201493
2017-11-08,Wednesday,318,319.3,306.65,309.55,20242447,6336197461
2017-11-09,Thursday,313.15,318,308.2,313.7,21846178,6840145285
2017-11-10,Friday,315,338.5,309.5,333.55,82984969,27081614540
2017-11-13,Monday,336.75,344.8,329.75,331.05,38777555,13123700520
2017-11-14,Tuesday,330.35,334.7,327.5,329.1,25647162,8464814204
2017-11-15,Wednesday,328,331.15,322.25,324.95,17389606,5687161496
2017-11-16,Thursday,327.4,334.2,323.65,333.4,22506014,7409445046
2017-11-17,Friday,345,346.7,336,337.5,26518142,9036726675
2017-11-20,Monday,337.1,337.15,331.25,333,13507662,4511359330
2017-11-21,Tuesday,335,335.4,330,330.65,14189920,4713040977
2017-11-22,Wednesday,330.85,339.65,327,335.3,22861716,7640063180
2017-11-23,Thursday,335.5,336.65,331.65,334.95,13338423,4460474054
2017-11-24,Friday,336,337,331.5,332.4,11716981,3918485703
2017-11-27,Monday,329.9,337,328.05,335.65,13114683,4357369790
2017-11-28,Tuesday,336,336.7,331.2,332,16054996,5352952948
2017-11-29,Wednesday,332.35,334.85,327.2,328.9,11264624,3732558248
2017-11-30,Thursday,325.8,326.5,318.5,320.35,27276288,8798983492
2017-12-01,Friday,321.5,322.3,311.25,312.75,16425620,5219265941
2017-12-04,Monday,314.7,315.95,311.15,313.6,13887727,4355623768
2017-12-05,Tuesday,312.5,320.7,308.8,319.1,15130931,4761730033
2017-12-06,Wednesday,316.7,317.4,311.5,312.4,18658202,5862351282
2017-12-07,Thursday,312.5,317.75,312.45,316.4,12278558,3876897266
2017-12-08,Friday,316.6,318.85,312.1,313.1,16418832,5166222138
2017-12-11,Monday,315.95,319.3,315.1,318.4,14014369,4450430336
2017-12-12,Tuesday,317.75,320.5,314.65,318.45,17658856,5608382060
2017-12-13,Wednesday,316.15,318.95,311.15,313.3,17540585,5544832801
2017-12-14,Thursday,314.3,315.4,309.5,314,13894451,4344972194
2017-12-15,Friday,318.4,319.35,311.5,312.25,16050711,5049119027
2017-12-18,Monday,308,323.5,300.4,318.9,32119915,10179411620
2017-12-19,Tuesday,319.45,322.25,318.4,319.8,14741481,4718805568
2017-12-20,Wednesday,319,319,316.5,317.5,9895770,3144362826
2017-12-21,Thursday,316.6,318.2,315.4,316.75,9916409,3142430068
2017-12-22,Friday,317.1,323.85,316.5,319.85,13821639,4431084704
2017-12-26,Tuesday,318.6,319.95,316.3,317.15,9329690,2961127927
2017-12-27,Wednesday,316.5,320.3,313.05,314.85,14276027,4514749325
2017-12-28,Thursday,315.3,316.5,307.65,308.4,20353152,6323020585
2017-12-29,Friday,310,312,309.05,309.9,11939569,3705904666
2018-01-01,Monday,310.6,312.75,306.3,307.1,12182400,3765314889
2018-01-02,Tuesday,309,309,301.35,303.25,14797364,4498328483
2018-01-03,Wednesday,305.3,306.45,302.15,302.85,13857373,4217070489
2018-01-04,Thursday,304.5,310.2,303.15,308.5,24517099,7542211203
2018-01-05,Friday,311.4,311.4,305.6,306.35,14580575,4491543989
2018-01-08,Monday,307.2,309.5,305,305.8,13557197,4156338432
2018-01-09,Tuesday,307.5,309.5,303.3,304.3,15574755,4763934527
2018-01-10,Wednesday,304.65,305.85,300,301.1,13064599,3948825009
2018-01-11,Thursday,300.9,303,300,302.2,12299087,3713982807
2018-01-12,Friday,304.65,304.65,300.55,302.25,17594228,5322941476
2018-01-15,Monday,303.95,305.25,301.55,302.6,18189668,5521232963
2018-01-16,Tuesday,302.4,303.35,295.3,296.15,18040940,5396948551
2018-01-17,Wednesday,296,308.4,292.6,307.1,26277307,7950009847
2018-01-18,Thursday,315,317.8,300.5,303.25,40000111,12382743470
2018-01-19,Friday,303.95,310,302.5,309.25,18461642,5671084211
2018-01-22,Monday,308.35,308.75,304.05,306.5,12622645,3869442515
2018-01-23,Tuesday,306.4,320.55,306.35,318.1,35252217,11062384635
2018-01-24,Wednesday,317.7,331.6,316.2,329.9,38070520,12333761888
2018-01-25,Thursday,332.75,332.75,311.85,313.15,42466150,13493553239
2018-01-29,Monday,313.15,316.9,311,312.1,23600898,7401009350
2018-01-30,Tuesday,312.05,318.85,311,313.55,25810404,8126695766
2018-01-31,Wednesday,313,316.6,307.85,313.25,16409938,5125207141
2018-02-01,Thursday,316.9,317.4,305,306.05,19515991,6063026766
2018-02-02,Friday,302.9,305.75,295.5,297.35,23274673,6984012072
2018-02-05,Monday,292.65,300.4,290,298.05,18940578,5599667759
2018-02-06,Tuesday,285,297.3,282.9,291.75,30577218,8859222866
2018-02-07,Wednesday,296.6,297.9,290,292.8,21463818,6297080225
2018-02-08,Thursday,292.9,303.3,292.55,301.4,18932796,5653382509
2018-02-09,Friday,297,300.6,295,296.4,15750824,4689107088
2018-02-12,Monday,288.25,292.4,285.15,288.75,50839665,14707862290
2018-02-14,Wednesday,288.7,288.7,275,276.2,45641149,12824620931
2018-02-15,Thursday,274.8,282.3,274.25,278.7,26058237,7273787834
2018-02-16,Friday,280.5,281.2,270.05,271.65,30338112,8310986402
2018-02-19,Monday,271.5,272,256.65,268.5,43847791,11570187947
2018-02-20,Tuesday,269,274.2,264.8,269.65,33458021,9018342750
2018-02-21,Wednesday,272.2,274.1,267.4,273.3,23714454,6430819672
2018-02-22,Thursday,270.4,273.6,269.45,272.6,25584062,6968689324
2018-02-23,Friday,273.45,277.2,272.5,276.05,15482147,4266815890
2018-02-26,Monday,280,280,273.85,274.45,15306032,4220575082
